"AAAAA1","ZZZZ","Außenlandu","Außenlandung","DE","N000000","E0000000","J","N"
"AACHE1","EDKA","EDKA","Aachen","DE","N504923","E0061111","J","N"
"AALBO1","EKYT","EKYT","Ålborg","DK","N570534","E0095057","J","N"
"AALEN1","EDPA","EDPA","Aalen","DE","N484640","E0101553","J","N"
"AARHU1","EKAH","EKAH","Århus","DK","N561800","E0103708","J","N"
"AARS+1","EKVH","EKVH","Års","DK","N565049","E0092731","J","N"
"ABBEV1","LFOI","LFOI","Abbeville","FR","N500835","E0014954","J","N"
"ACHME1","EDXA","EDXA","Achmer","DE","N522238","E0075448","J","N"
"ACORU1","LECO","LECO","A Coruna","ES","N431808","W0082238","J","N"
"AERO+1","EKAE","EKAE","Ærø","DK","N545110","E0102723","J","N"
"AGADI1","GMAD","GMAD","Al Massira","MA","N301930","W0092447","J","N"
"AHREN1","EDHO","EDHO","Ahrenlohe","DE","N534200","E0094426","J","N"
"AICHA1","ZZZZ","AICHACH","Aichach","DE","N482824","E0110807","J","N"
"AIGEN1","LOXA","LOXA","Aigen","AT","N473217","E0140823","J","N"
"AILER1","EDGA","EDGA","Ailertchen","DE","N503536","E0075642","J","N"
"ALBAC1","LEAB","LEAB","Albacete","ES","N385654","W0015148","J","N"
"ALBST1","EDSA","EDSA","Degerfeld","DE","N481459","E0090351","J","N"
"ALDER1","EGJA","EGJA","Alderney","UK","N494222","W0021253","J","N"
"ALENC1","LFOF","LFOF","Alençon","FR","N482651","E0000630","J","N"
"ALGIE1","DAAG","DAAG","Algiers","DZ","N364140","E0031304","J","N"
"ALICA1","LEAL","LEAL","Alicante","ES","N381656","W0003329","J","N"
"ALLEN1","EDFQ","EDFQ","Allendorf","DE","N510207","E0084045","J","N"
"ALLRO1","EKAL","EKAL","Allerød","DK","N555213","E0121856","J","N"
"ALLST1","EDBT","EDBT","Allstedt","DE","N512250","E0112648","J","N"
"ALMER1","LEAM","LEAM","Almeria","ES","N365038","W0022212","J","N"
"ALSFE1","ZZZZ","ALSFELD","Alsfeld","DE","N504502","E0091455","J","N"
"ALTA+1","ENAT","ENAT","Alta","NO","N695834","E0232218","J","N"
"ALTDH1","ZZZZ","ALTDORF HA","Altdorf-Hagenhausen","DE","N492315","E0112521","J","N"
"ALTDO1","EDSW","EDSW","Altdorf","DE","N481612","E0075031","J","N"
"ALTEH1","EDKD","EDKD","Altena","DE","N511847","E0074213","J","N"
"ALTEN1","EDAC","EDAC","Altenburg","DE","N505855","E0123023","J","N"
"ALTFE1","ZZZZ","ALTFELD","Altfeld","DE","N494955","E0093214","J","N"
"AMBER1","ZZZZ","AMBERG  RA","Amberg","DE","N492621","E0114819","J","N"
"AMBOI1","LFEF","LFEF","Amboise","FR","N472023","E0005643","J","N"
"AMBRP1","LSPM","LSPM","Ambrì","CH","N463047","E0084122","J","N"
"AMELA1","EHAL","EHAL","Ameland","NL","N532706","E0054038","J","N"
"AMIEN1","LFAY","LFAY","Amiens","FR","N495223","E0022313","J","N"
"AMLIK1","LSPA","LSPA","Amlikon","CH","N473427","E0090251","J","N"
"AMOEN1","ZZZZ","AMOENEBURG","Amöneburg","DE","N504726","E0085429","J","N"
"AMOUG1","EBAM","EBAM","Amougies","BE","N504422","E0032910","J","N"
"AMPFI1","EDNA","EDNA","Ampfing","DE","N481547","E0122439","J","N"
"AMSAL1","ZZZZ","AM STAUFFE","Lebenstedt","DE","N521013","E0101857","J","N"
"AMSTE1","EHAM","EHAM","Schiphol","NL","N521829","E0044551","J","N"
"ANGER1","LFRJ","LFRJ","Angers","FR","N472953","W0003430","J","N"
"ANHOL1","EKAT","EKAT","Anholt","DK","N564156","E0113321","J","N"
"ANKLA1","EDCA","EDCA","Anklam","DE","N534958","E0134008","J","N"
"ANNEM1","LFLI","LFLI","Annemasse","FR","N461131","E0061606","J","N"
"ANSBA1","EDQF","EDQF","Ansbach","DE","N492136","E0104016","J","N"
"ANSPA1","EDFA","EDFA","Anspach","DE","N501723","E0083213","J","N"
"ANTWE1","EBAW","EBAW","Antwerpen","BE","N511122","E0042737","J","N"
"AOSTA1","LIMW","LIMW","Aosta","IT","N454419","E0072145","J","N"
"ARNBO1","ZZZZ","ARNBORG","Arnborg","DK","N560037","E0090047","J","N"
"ARNBR1","EDNB","EDNB","Arnbruck","DE","N490732","E0125907","J","N"
"ARNHE1","EHDL","EHDL","Deelen","NL","N520335","E0055219","J","N"
"ARNSB1","EDLA","EDLA","Arnsberg","DE","N512902","E0075352","J","N"
"ARNST1","EDBA","EDBA","Alkersleben","DE","N505031","E0110412","J","N"
"ASCHA1","EDFC","EDFC","Aschaffenburg","DE","N495620","E0090345","J","N"
"ASCHE1","EDCQ","EDCQ","Aschersleben","DE","N514601","E0112956","J","N"
"ASCON1","LSZD","LSZD","Ascona","CH","N460931","E0084700","J","N"
"ASSLA1","ZZZZ","ASSLARER H","Aßlar","DE","N503559","E0082638","J","N"
"ASTUR1","LEAS","LEAS","Asturias","ES","N433349","W0060205","J","N"
"ATHEN1","LGAV","LGAV","Venizelos","GR","N375612","E0235640","J","N"
"ATTEN1","EDKU","EDKU","Attendorn","DE","N510846","E0075613","J","N"
"AUEBE1","ZZZZ","AUE BEI HA","Aue","DE","N513800","E0101517","J","N"
"AUERB1","EDOA","EDOA","Auerbach","DE","N502950","E0122241","J","N"
"AUGSB1","EDMA","EDMA","Augsburg","DE","N482531","E0105554","J","N"
"AUKRU1","ZZZZ","AUKRUG","Aukrug","DE","N540353","E0094754","J","N"
"AUTUN1","LFQF","LFQF","Autun","FR","N465821","E0041542","J","N"
"AUXER1","LFLA","LFLA","Auxerre","FR","N475047","E0032948","J","N"
"AVALL1","LFGE","LFGE","Avallon","FR","N473011","E0035356","J","N"
"BABEN1","EDEF","EDEF","Babenhausen","DE","N495710","E0085809","J","N"
"BABIM1","EPZG","EPZG","Zielona Góra","PL","N520819","E0154755","J","N"
"BABRK1","EDOB","EDOB","Bad Berka","DE","N505414","E0111531","J","N"
"BACKN1","EDSH","EDSH","Backnang","DE","N485512","E0092719","J","J"
"BADAJ1","LEBZ","LEBZ","Badajoz","ES","N385329","W0064917","J","N"
"BADBR1","ZZZZ","BAD BRUECK","Oberleichtersbach","DE","N501619","E0094925","J","N"
"BADDI1","EDPB","EDPB","Bad Ditzenbach","DE","N483346","E0094345","J","N"
"BADDU1","EDRF","EDRF","Bad Dürkheim","DE","N492823","E0081147","J","N"
"BADEJ1","EDPC","EDPC","Bad Endorf","DE","N475537","E0121714","J","N"
"BADEN1","EDTB","EDTB","Oos","DE","N484726","E0081103","J","N"
"BADFR1","EDOF","EDOF","Bad Frankenhausen","DE","N512222","E0110835","J","N"
"BADGA1","EDVA","EDVA","Bad Gandersheim","DE","N515109","E0100134","J","N"
"BADHE1","EDEN","EDEN","Bad Hersfeld","DE","N505040","E0094226","J","N"
"BADKI1","EDFK","EDFK","Bad Kissingen","DE","N501238","E0100408","J","N"
"BADLA1","EDEB","EDEB","Bad Langensalza","DE","N510746","E0103716","J","N"
"BADMA1","ZZZZ","BAD MARIEN","Bad Marienberg","DE","N503939","E0080143","J","N"
"BADNE1","EDRA","EDRA","Bad Neuenahr","DE","N503331","E0070812","J","N"
"BADNS1","EDFD","EDFD","Bad Neustadt/Saale","DE","N501822","E0101338","J","N"
"BADRA1","LSZE","LSZE","Bad Ragaz","CH","N470054","E0092855","J","N"
"BADSO1","EDRS","EDRS","Bad Sobernheim","DE","N494729","E0074000","J","N"
"BADWA1","ZZZZ","BAD WALDSE","Bad Waldsee","DE","N475454","E0094237","J","N"
"BADWI1","EDQB","EDQB","Bad Windsheim","DE","N493036","E0102159","J","N"
"BADWO1","EDNH","EDNH","Bad Wörishofen","DE","N480057","E0103648","J","J"
"BAGNO1","LFAO","LFAO","Bagnoles de L'Orne","FR","N483244","W0002304","N","N"
"BALEM1","LFSB","LFSB","Bâle","FR","N473524","E0073145","J","N"
"BALEN1","EBKH","EBKH","Keiheuvel","BE","N511042","E0051315","J","N"
"BALLE1","EDCB","EDCB","Ballenstedt","DE","N514445","E0111345","J","N"
"BALTR1","EDWZ","EDWZ","Baltrum","DE","N534331","E0072220","J","N"
"BAMBE1","ETEJ","ETEJ","Bamberg","DE","N495514","E0105451","J","N"
"BARCE1","LEBL","LEBL","Barcelona","ES","N411750","E0020443","J","N"
"BARSS1","EDXL","EDXL","Barßel","DE","N530949","E0074734","J","N"
"BARTA1","EDPU","EDPU","Bartholomä","DE","N484448","E0100018","J","N"
"BARTH1","EDBH","EDBH","Barth","DE","N542018","E0124237","J","N"
"BASTI1","LFKB","LFKB","Bastia","FR","N423300","E0092905","J","N"
"BAUME1","ZZZZ","BAUMERLENB","Baumerlenbach","DE","N491350","E0092509","J","N"
"BAUMH1","ETEK","ETEK","Baumholder","DE","N493906","E0071826","J","N"
"BAUTZ1","EDAB","EDAB","Bautzen","DE","N511137","E0143111","J","N"
"BAWIL1","ZZZZ","Bad Wildun","Bad Wildungen","DE","N510538","E0090854","J","N"
"BAYRE1","EDQD","EDQD","Bayreuth","DE","N495904","E0113819","J","N"
"BEAUN1","LFGF","LFGF","Beaune","FR","N470019","E0045336","J","N"
"BEAUV1","LFOB","LFOB","Beauvais","FR","N492716","E0020646","J","N"
"BECBA2","ZZZZ","BECHERBACH","Roßberg (Becherbach)","DE","N493834","E0074102","J","N"
"BEILN1","EDNC","EDNC","Beilngries","DE","N490116","E0112905","J","N"
"BELFA1","EGAA","EGAA","Aldergrove","UK","N543927","W0061257","J","N"
"BELFO2","LFSQ","LFSQ","Belfort-Fontaine","FR","N473857","E0070015","J","N"
"BENSH1","ZZZZ","BENSHEIMER","Bensheim","DE","N494131","E0083458","J","N"
"BENSO1","LKBE","LKBE","Benešov","CZ","N494427","E0143841","J","N"
"BERCH1","EDNI","EDNI","Berching","DE","N490754","E0112637","J","N"
"BERGC1","LFBE","LFBE","Bergerac","FR","N444928","E0003114","J","N"
"BERGF1","ENBR","ENBR","Flesland","NO","N601737","E0051305","J","N"
"BERGH1","ZZZZ","BERGHEIM","Bergheim","DE","N505843","E0063631","J","N"
"BERGN1","EDKF","EDKF","Bergneustadt","DE","N510307","E0074226","J","N"
"BERLT1","EDDT","EDDT","Tegel","DE","N523335","E0131716","J","N"
"BERNB1","LSZB","LSZB","Bern","CH","N465449","E0072953","J","N"
"BERSC1","EDDB","EDDB","Schönefeld","DE","N522243","E0133114","J","N"
"BERTE1","EDDI","EDDI","Tempelhof","DE","N522825","E0132406","J","N"
"BERTR1","EBBX","EBBX","Bertrix/Jehonville","BE","N495330","E0051326","J","N"
"BESAN1","LFQM","LFQM","La Vèze","FR","N471219","E0060450","J","N"
"BESAT1","LFSA","LFSA","Thise","FR","N471629","E0060501","J","N"
"BETZD1","EDKI","EDKI","Betzdorf","DE","N504901","E0074949","J","N"
"BEX++1","LSGB","LSGB","Bex","CH","N461530","E0065911","J","N"
"BEZIE1","LFMU","LFMU","Béziers","FR","N431924","E0032112","J","N"
"BIARR1","LFBZ","LFBZ","Biarritz","FR","N432806","W0013152","J","N"
"BIBER1","EDMB","EDMB","Biberach","DE","N480640","E0094546","J","N"
"BIELE1","EDLI","EDLI","Bielefeld","DE","N515753","E0083241","J","N"
"BIELK1","LSZP","LSZP","Biel","CH","N470521","E0071724","J","N"
"BIELS1","EPBA","EPBA","Bielsko","PL","N494818","E0190007","J","N"
"BIENE1","EDOI","EDOI","Bienenfarm","DE","N523944","E0124443","J","N"
"BILBA1","LEBB","LEBB","Bilbao","ES","N431804","W0025439","J","N"
"BILLU1","EKBI","EKBI","Billund","DK","N554425","E0090906","J","N"
"BINNI1","EDSI","EDSI","Binningen","DE","N474757","E0084314","J","N"
"BIRMI1","EGBB","EGBB","Birmingham","UK","N522714","W0014453","J","N"
"BIRRF1","LSZF","LSZF","Birrfeld","CH","N472637","E0081401","J","N"
"BISCH1","ZZZZ","BISCHOFSBE","Bischofsberg","DE","N502556","E0101700","J","N"
"BISPE1","ZZZZ","BISPERODE","Bisperode","DE","N520444","E0092833","J","N"
"BITBU1","EDRB","EDRB","Bitburg","DE","N495643","E0063354","J","N"
"BLAUB1","EDMC","EDMC","Blaubeuren","DE","N482511","E0094751","J","N"
"BLEXE1","ZZZZ","BLEXEN BEI","Blexen","DE","N533221","E0083222","J","N"
"BLOMB1","EDVF","EDVF","Blomberg","DE","N515502","E0090640","J","N"
"BLUMB1","EDSL","EDSL","Blumberg","DE","N475040","E0083355","J","N"
"BOBER1","ZZZZ","BOBERG","Boberg","DE","N533053","E0100839","J","N"
"BOBZI1","ZZZZ","BOBZIN SCH","Bobzin","DE","N532910","E0111006","J","N"
"BODO+1","ENBO","ENBO","Bodø","NO","N671609","E0142155","J","N"
"BOEHL1","EDOE","EDOE","Böhlen","DE","N511258","E0122206","J","N"
"BOGEN1","EK29","EK29","Bogense","DK","N553232","E0100153","J","N"
"BOHFE1","ZZZZ","BOHLENBERG","Waterkant","DE","N532506","E0075415","J","N"
"BOHLH1","ZZZZ","BOHLHOF","Bohlhof","DE","N473903","E0082312","J","N"
"BOHMT1","EDXD","EDXD","Bohmte","DE","N522105","E0081934","J","N"
"BOLOG1","LIPE","LIPE","Bologna","IT","N443151","E0111749","J","N"
"BOLZA1","LIPB","LIPB","Bolzano","IT","N462737","E0111935","J","N"
"BONNH1","EDKB","EDKB","Bonn-Hangelar","DE","N504608","E0070950","J","N"
"BOPFI1","EDNQ","EDNQ","Bopfingen","DE","N485055","E0102002","J","N"
"BORDE1","EDWA","EDWA","Bordelum","DE","N543738","E0085547","J","N"
"BORDM1","LFBD","LFBD","Mérignac","FR","N444943","W0004255","J","N"
"BORGH1","ZZZZ","BORGHORST","Borghorst","DE","N520901","E0072707","J","N"
"BORKE1","EDLB","EDLB","Borkenberge","DE","N514648","E0071717","J","N"
"BORKH1","EDLY","EDLY","Hoxfeld","DE","N515111","E0064855","J","N"
"BORKU1","EDWR","EDWR","Borkum","DE","N533544","E0064233","J","N"
"BORNH1","EKRN","EKRN","Rønne","DK","N550348","E0144535","J","N"
"BOTTE1","EDGT","EDGT","Bottenhorn","DE","N504742","E0082738","J","N"
"BOURC1","LFHS","LFHS","Bourg","FR","N461206","E0051730","J","N"
"BOURG1","LFLD","LFLD","Bourges","FR","N470340","E0022216","J","N"
"BRAC+1","LDSB","LDSB","Brač","HR","N431709","E0164047","J","N"
"BRADI2","EDBN","EDBN","Brandis","DE","N511941","E0123921","J","N"
"BRANM1","EDBE","EDBE","Brandenburg","DE","N522613","E0123528","J","N"
"BRATI1","LZIB","LZIB","Štefánik","SK","N481012","E0171246","J","N"
"BRAUF1","ZZZZ","BRAUNFELS","Braunfels","DE","N503132","E0082335","J","J"
"BRAUN1","EDVE","EDVE","Braunschweig","DE","N521909","E0103316","J","N"
"BREIT1","EDGB","EDGB","Breitscheid","DE","N504037","E0081008","J","N"
"BREME1","EDDW","EDDW","Bremen","DE","N530251","E0084713","J","N"
"BREMG1","EDTG","EDTG","Bremgarten","DE","N475412","E0073703","J","N"
"BREMV1","EDWB","EDWB","Bremerhaven","DE","N533025","E0083423","J","N"
"BRES21","UMBB","UMBB","Brest","BY","N520630","E0235353","J","N"
"BREST1","LFRB","LFRB","Bretagne","FR","N482650","W0042518","J","N"
"BRETI1","LFPY","LFPY","Brétigny","FR","N483546","E0021956","J","N"
"BRIAR1","LFEI","LFEI","Briare","FR","N473652","E0024655","J","N"
"BRIBR2","EDUC","EDUC","Briesen-Brand","DE","N520311","E0134557","J","N"
"BRIEN1","LFFN","LFFN","Brienne-Le-Château","FR","N482547","E0042856","J","N"
"BRIES1","EDUB","EDUB","Briest","DE","N522615","E0122716","J","N"
"BRILO1","EDKO","EDKO","Brilon","DE","N512409","E0083831","J","N"
"BRIND1","LIBR","LIBR","Brindisi","IT","N403938","E0175653","J","N"
"BRISF1","EGTG","EGTG","Filton","UK","N513110","W0023527","J","N"
"BRIST1","EGGD","EGGD","Bristol","UK","N512258","W0024309","J","N"
"BRIVE1","LFBV","LFBV","Brive","FR","N450859","E0012828","J","N"
"BRNOT1","LKTB","LKTB","Turany","CZ","N490905","E0164138","J","N"
"BRONK1","EDBQ","EDBQ","Bronkow","DE","N514014","E0135737","J","N"
"BRUCH1","EDTC","EDTC","Bruchsal","DE","N490806","E0083349","J","N"
"BRUSS1","EBBR","EBBR","Bruxelles","BE","N505405","E0042904","J","N"
"BUBOU1","LKBU","LKBU","Bubovice","CZ","N495828","E0141041","J","N"
"BUCHI1","ZZZZ","BUECHIG OS","Büchig (Ostheim)","DE","N502654","E0101509","J","N"
"BUDAP1","LHBP","LHBP","Budapest","HU","N472621","E0191542","J","N"
"BUELL2","EBBN","EBBN","Büllingen","BE","N502454","E0061635","J","N"
"BUERS2","ZZZZ","BUERSTADT","Bürstadt","DE","N493921","E0082828","J","N"
"BURG+1","EDBG","EDBG","Burg","DE","N521430","E0115122","J","N"
"BURGF1","EDQE","EDQE","Burg Feuerstein","DE","N494738","E0110759","J","N"
"BURGO1","LEBG","LEBG","Burgos","ES","N422127","W0033714","J","N"
"BUTTW1","LSZU","LSZU","Buttwil","CH","N471553","E0081809","J","N"
"BUTZB1","ZZZZ","BUTZBACH P","Butzbach","DE","N502609","E0083710","J","J"
"BUTZW1","ETBB","ETBB","Butzweilerhof","DE","N505918","E0065336","J","N"
"BYDGO1","EPBY","EPBY","Bydgoszcz","PL","N530548","E0175840","J","N"
"CAGLI1","LIEE","LIEE","Elmas","IT","N391450","E0090322","J","N"
"CALAI1","LFAC","LFAC","Calais","FR","N505739","E0015705","J","N"
"CALVI1","LFKC","LFKC","Calvi","FR","N423113","E0084735","J","N"
"CAPLR1","LECX","LECX","Campolara","ES","N405351","W0043116","J","N"
"CARCA1","LFMK","LFMK","Carcassonne","FR","N431257","E0021831","J","N"
"CARDI1","EGFF","EGFF","Cardiff","UK","N512348","W0032036","J","N"
"CARPE1","LFNH","LFNH","Carpentras","FR","N440140","E0050503","J","N"
"CASAA1","GMMC","GMMC","Casablanca-Anfa","MA","N333312","W0073941","J","N"
"CASAL1","LILM","LILM","Casale","IT","N450638","E0082723","J","N"
"CATAN1","LICC","LICC","Catania","IT","N372800","E0150350","J","N"
"CATAS1","LICZ","LICZ","Sigonella","IT","N372421","E0145526","J","N"
"CELLE1","EDVC","EDVC","Arloh","DE","N524116","E0100644","J","N"
"CELLW1","ETHC","ETHC","Celle","DE","N523528","E0100120","J","N"
"CESKA1","LKCE","LKCE","Ceská Lípa","CZ","N504234","E0143400","J","N"
"CHAMA1","LFLB","LFLB","Chambéry","FR","N453821","E0055248","J","N"
"CHARG1","EBCI","EBCI","Charleroi","BE","N502736","E0042710","J","N"
"CHARL1","LFQV","LFQV","Charleville","FR","N494706","E0043834","J","N"
"CHART1","LFOR","LFOR","Chartres","FR","N482732","E0013123","J","N"
"CHATD1","LFOC","LFOC","Châteaudun","FR","N480328","E0012246","J","N"
"CHATR1","LFLX","LFLX","Châteauroux","FR","N465137","E0014316","J","N"
"CHEMN1","EDCJ","EDCJ","Jahnsdorf","DE","N504451","E0125014","J","N"
"CHERB1","LFRC","LFRC","Cherbourg","FR","N493903","W0012831","J","N"
"CHOLE1","LFOU","LFOU","Cholet","FR","N470455","W0005238","J","N"
"CLERM1","LFLC","LFLC","Clermont","FR","N454709","E0030945","J","N"
"COBUR1","EDQC","EDQC","Coburg","DE","N501548","E0105942","J","J"
"COBUS1","EDQY","EDQY","Steinrücken","DE","N501349","E0105945","J","N"
"COLMA1","LFGA","LFGA","Houssen","FR","N480637","E0072133","J","N"
"COLMM1","LFSC","LFSC","Colmar","FR","N475519","E0072359","J","N"
"CONNA1","EIKN","EIKN","Connaught","IE","N535437","W0084906","J","N"
"CORDO1","LEBA","LEBA","Cordoba","ES","N375031","W0045056","J","N"
"CORK+1","EICK","EICK","Cork","IE","N515028","W0082928","J","N"
"COTTD1","EDCD","EDCD","Drewitz","DE","N515322","E0143155","J","N"
"COULO1","LFPK","LFPK","Coulommiers","FR","N485015","E0030052","J","N"
"COURC1","LFLJ","LFLJ","Courchevel","FR","N452348","E0063759","J","N"
"COURT1","LSZJ","LSZJ","Courtelary","CH","N471100","E0070525","J","N"
"CROTO1","LIBC","LIBC","Crotone","IT","N385948","E0170445","J","N"
"DACHA1","EDMD","EDMD","Dachau","DE","N481343","E0112522","J","N"
"DAHLE1","EDKV","EDKV","Dahlemer Binz","DE","N502420","E0063144","J","N"
"DAMME1","EDWC","EDWC","Damme","DE","N522915","E0081106","J","N"
"DAUBO1","ZZZZ","DAUBORN","Dauborn","DE","N501918","E0081138","J","N"
"DAUNS1","ZZZZ","DAUN  SENH","Daun","DE","N501033","E0065128","J","N"
"DEAUV1","LFRG","LFRG","Deauville","FR","N492148","E0000936","J","N"
"DEBLI1","EPDE","EPDE","Dęblin","PL","N513304","E0215331","J","N"
"DECKE1","ZZZZ","DECKENPFRO","Deckenpfronn","DE","N483818","E0084903","J","N"
"DEDEL1","EDBD","EDBD","Dedelow","DE","N532122","E0134701","J","N"
"DEGGE1","EDMW","EDMW","Deggendorf","DE","N484949","E0125247","J","N"
"DEKOO1","EHKD","EHKD","De Kooy","NL","N525528","E0044651","J","N"
"DEPEE1","EHDP","EHDP","De Peel","NL","N513102","E0055121","J","N"
"DERDI1","ZZZZ","DER DINGEL","Der Dingel","DE","N513210","E0092247","J","N"
"DERRI1","ZZZZ","DER RING S","Schwalmstadt","DE","N505411","E0091426","J","N"
"DESSA1","EDAD","EDAD","Dessau","DE","N514954","E0121104","J","N"
"DETMO1","EDLJ","EDLJ","Detmold","DE","N515627","E0085415","J","N"
"DEVEN1","EHTE","EHTE","Teuge","NL","N521441","E0060248","J","N"
"DIEPH1","ETND","ETND","Diepholz","DE","N523508","E0082028","J","N"
"DIEPP1","LFAB","LFAB","Dieppe","FR","N495257","E0010507","J","N"
"DIERD1","EDRW","EDRW","Dierdorf","DE","N503359","E0073914","J","N"
"DIJOL1","LFSD","LFSD","Dijon","FR","N471557","E0050542","J","N"
"DINAR1","LFRD","LFRD","Dinard","FR","N483516","W0020448","J","N"
"DINGO1","EDPD","EDPD","Dingolfing","DE","N483928","E0123002","J","N"
"DINKE1","EDND","EDND","Dinkelsbühl","DE","N490354","E0102409","J","N"
"DINSL1","EDLD","EDLD","Dinslaken","DE","N513658","E0065156","J","N"
"DJERB1","DTTJ","DTTJ","Djerba","TN","N335232","E0104638","J","N"
"DOBER1","LOAB","LOAB","Dobersberg","AT","N485520","E0151749","J","N"
"DOLET1","LFGJ","LFGJ","Dôle","FR","N470234","E0052606","J","N"
"DOLKU2","ZZZZ","DOLMAR KUE","Dolmar","DE","N503644","E0102821","J","N"
"DONAE1","EDTD","EDTD","Donaueschingen","DE","N475825","E0083120","J","N"
"DONAU1","EDMQ","EDMQ","Genderkingen","DE","N484211","E0105108","J","N"
"DONZD1","EDPM","EDPM","Donzdorf","DE","N484043","E0095045","J","N"
"DORST1","ZZZZ","DORSTEN  K","Dorsten","DE","N513942","E0065908","J","N"
"DORTM1","EDLW","EDLW","Dortmund","DE","N513109","E0073652","J","N"
"DRACH1","EHDR","EHDR","Drachten","NL","N530705","E0060745","J","N"
"DRESD1","EDDC","EDDC","Dresden","DE","N510758","E0134602","J","N"
"DUBLI1","EIDW","EIDW","Dublin","IE","N532517","W0061612","J","N"
"DUBRO1","LDDU","LDDU","Dubrovnik","HR","N423341","E0181606","J","N"
"DUESS1","EDDL","EDDL","Düsseldorf","DE","N511716","E0064609","J","N"
"DURHA1","EGNV","EGNV","Teesside","UK","N543033","W0012546","J","N"
"EBERN1","EDQR","EDQR","Ebern","DE","N500223","E0104922","J","N"
"ECUVI1","LSGE","LSGE","Ecuvillens","CH","N464518","E0070434","J","N"
"EDINB1","EGPH","EGPH","Edinburgh","UK","N555700","W0032221","J","N"
"EGELS1","EDFE","EDFE","Egelsbach","DE","N495739","E0083829","J","J"
"EGGEM1","ENEG","ENEG","Eggemoen","NO","N601302","E0101926","J","N"
"EGGEN1","EDME","EDME","Eggenfelden","DE","N482346","E0124317","J","N"
"EGGER1","EDCE","EDCE","Eggersdorf","DE","N522858","E0140527","J","N"
"EHLRS1","ZZZZ","EHLERSHAUS","Großes Moor","DE","N523210","E0100111","J","N"
"EICHS1","EDPE","EDPE","Eichstätt","DE","N485237","E0111054","J","N"
"EINDH1","EHEH","EHEH","Eindhoven","NL","N512700","E0052228","J","N"
"EISEN1","EDAE","EDAE","Eisenhüttenstadt","DE","N521150","E0143508","J","N"
"EISNK1","EDGE","EDGE","Eisenach","DE","N505932","E0102834","J","N"
"ELBLA1","EPEL","EPEL","Elblag","PL","N540827","E0192524","J","N"
"ELLWA1","EDPY","EDPY","Ellwangen","DE","N485740","E0101411","J","N"
"ELSEN1","EDNF","EDNF","Grafenau","DE","N484921","E0132203","J","N"
"ELZ++1","EDFY","EDFY","Elz","DE","N502537","E0080040","J","N"
"EMDEN1","EDWE","EDWE","Emden","DE","N532328","E0071332","J","N"
"EMMEL1","EHNP","EHNP","Emmeloord","NL","N524380","E0054480","J","N"
"ENDEL1","EKEL","EKEL","Endelave","DK","N554523","E0101455","J","N"
"ENSCH1","EHTW","EHTW","Twenthe","NL","N521633","E0065321","J","N"
"ENTEN2","ZZZZ","ENTENBERG","Entenberg","DE","N505514","E0082642","J","N"
"EPINA1","LFSE","LFSE","Dognéville","FR","N481243","E0062655","J","N"
"EPINM1","LFSG","LFSG","Mirecourt","FR","N481930","E0060400","J","N"
"ERBAC1","EDNE","EDNE","Erbach","DE","N482031","E0095500","J","N"
"ERFUR1","EDDE","EDDE","Erfurt","DE","N505847","E0105729","J","N"
"ERNZE2","ZZZZ","ERNZEN UL","Ernzen","DE","N494944","E0062608","J","N"
"ESBJE1","EKEB","EKEB","Esbjerg","DK","N553133","E0083312","J","N"
"ESCHE1","ZZZZ","ESCHENLOHE","Eschenlohe","DE","N473728","E0111102","J","N"
"ESSEN1","EDLE","EDLE","Essen-Mülheim","DE","N512408","E0065614","J","N"
"ESWEI1","ZZZZ","ESSWEILER","Eßweiler","DE","N493344","E0073448","J","N"
"ETAMP1","LFOX","LFOX","Étampes","FR","N482251","E0020435","J","N"
"EUDEN1","ZZZZ","EUDENBACH","Eudenbach","DE","N504021","E0072155","J","N"
"EUMER1","LFAE","LFAE","Le Tréport","FR","N500409","E0012533","J","N"
"EUTIN1","ZZZZ","EUTINGEN","Eutingen","DE","N482905","E0084625","J","N"
"EVREU1","LFOE","LFOE","Évreux","FR","N490143","E0011312","J","N"
"EXETE1","EGTE","EGTE","Exeter","UK","N504404","W0032450","J","N"
"FALKE1","EDUF","EDUF","Lönnewitz","DE","N513252","E0131341","J","N"
"FANO+1","LIDF","LIDF","Fano","IT","N434933","E0130139","J","N"
"FARNB1","EGLF","EGLF","Farnborough","UK","N511633","W0004635","J","N"
"FARO+1","LPFR","LPFR","Faro","PT","N370052","W0075757","J","N"
"FARRE1","ZZZZ","FARRENBERG","Farrenberg","DE","N482310","E0090436","J","N"
"FAYEN1","LFMF","LFMF","Fayence","FR","N433638","E0064149","J","N"
"FEHRB1","EDBF","EDBF","Fehrbellin","DE","N524734","E0124523","J","N"
"FERLA1","LOKG","LOKG","Ferlach-Glainach","AT","N463157","E0141951","J","N"
"FERTO1","LHFM","LHFM","Fertöszentmiklós","HU","N473501","E0165042","J","N"
"FINOW1","EDAV","EDAV","Finow","DE","N524938","E0134137","J","N"
"FINSH1","EDAS","EDAS","Finsterwalde","DE","N513805","E0134017","J","N"
"FINST1","EDUS","EDUS","Schacksdorf","DE","N513627","E0134417","J","N"
"FLENS1","EDXF","EDXF","Flensburg","DE","N544624","E0092244","J","N"
"FLORN1","EBFS","EBFS","Florennes","BE","N501436","E0043844","J","N"
"FLORO1","ENFL","ENFL","Florø","NO","N613501","E0050129","J","N"
"FONTE1","LFFK","LFFK","Fontenay-Le-Comte","FR","N462629","W0004737","J","N"
"FRANH1","EDFH","EDFH","Hahn","DE","N495655","E0071550","J","N"
"FRANK1","EDDF","EDDF","Frankfurt","DE","N500200","E0083414","J","N"
"FREIB1","EDTF","EDTF","Freiburg","DE","N480114","E0075001","J","N"
"FREIS1","LOLF","LOLF","Freistadt","AT","N483050","E0142425","J","N"
"FREJU1","LFTU","LFTU","Fréjus","FR","N432503","E0064411","J","N"
"FRICK1","LSZI","LSZI","Fricktal","CH","N473032","E0075700","J","N"
"FRIED1","EDCF","EDCF","Friedersdorf","DE","N521700","E0134812","J","N"
"FRIEL1","EDNY","EDNY","Friedrichshafen","DE","N474017","E0093041","J","N"
"FRITZ1","ETHF","ETHF","Fritzlar","DE","N510653","E0091709","J","N"
"FRYDL1","LKFR","LKFR","Frýdlant","CZ","N493522","E0182245","J","N"
"FUENT1","LEFM","LEFM","Fuentemilanos","ES","N405315","W0041418","J","N"
"FUERF1","LOGF","LOGF","Fürstenfeld","AT","N470343","E0160504","J","N"
"FUERS1","EDAL","EDAL","Fürstenwalde","DE","N522323","E0140540","J","N"
"FUERZ1","EDMF","EDMF","Fürstenzell","DE","N483047","E0132046","J","N"
"FUEVE1","GCFV","GCFV","Fuerteventura","ES","N282710","W0135149","J","N"
"FULDJ1","EDGF","EDGF","Jossa","DE","N502832","E0092631","J","N"
"FYRES1","ENFY","ENFY","Fyresdal","NO","N591200","E0080500","J","N"
"GANDE1","EDWQ","EDWQ","Ganderkesee","DE","N530210","E0083019","J","N"
"GAPTA1","LFNA","LFNA","Gap","FR","N442718","E0060214","J","N"
"GARBE1","ZZZZ","GARBENHEIM","Wetzlar","DE","N503430","E0083155","J","N"
"GARDE1","EDOC","EDOC","Gardelegen","DE","N523150","E0112113","J","N"
"GDANS1","EPGD","EPGD","Gdansk","PL","N542239","E0182759","J","N"
"GEDER1","ZZZZ","GEDERN","Gedern","DE","N502555","E0091138","J","N"
"GEILE1","ETNG","ETNG","Geilenkirchen","DE","N505739","E0060233","J","N"
"GELNH1","EDFG","EDFG","Gelnhausen","DE","N501147","E0091006","J","J"
"GENEV1","LSGG","LSGG","Genève","CH","N461418","E0060634","J","N"
"GENKZ1","EBZW","EBZW","Genk","BE","N510055","E0053135","J","N"
"GENOV1","LIMJ","LIMJ","Genova","IT","N442448","E0085015","J","N"
"GERAL1","EDAJ","EDAJ","Gera","DE","N505253","E0120808","J","N"
"GERAT1","ZZZZ","GERATSHOF","Geratshof","DE","N475934","E0105037","J","N"
"GERST1","EDPT","EDPT","Gerstetten","DE","N483716","E0100340","J","N"
"GIBRA1","LXGB","LXGB","Gibraltar","GI","N360904","W0052059","J","N"
"GIEBE1","EDQG","EDQG","Giebelstadt","DE","N493854","E0095759","J","N"
"GIENG1","EDNG","EDNG","Giengen","DE","N483806","E0101256","J","N"
"GIESR1","EDGR","EDGR","Reiskirchen","DE","N503400","E0085211","J","J"
"GIESS1","EDFL","EDFL","Lützellinden","DE","N503238","E0083525","J","J"
"GIESW1","ZZZZ","GIESSEN  W","Gießen-Wieseck","DE","N503615","E0084343","J","N"
"GILZE1","EHGR","EHGR","Gilze-Rijen","NL","N513403","E0045555","J","N"
"GIRON1","LEGE","LEGE","Girona","ES","N415404","E0024538","J","N"
"GLASG1","EGPF","EGPF","Glasgow","UK","N555219","W0042559","J","N"
"GLIWI1","EPGL","EPGL","Gliwice","PL","N501610","E0184022","J","N"
"GMUND1","LOLU","LOLU","Gmunden","AT","N475703","E0135154","J","N"
"GOCHA1","EDLG","EDLG","Goch","DE","N514127","E0060615","J","N"
"GOERL1","EDBX","EDBX","Görlitz","DE","N510932","E0145701","J","N"
"GOETE1","ESGG","ESGG","Landvetter","SE","N573936","E0121728","J","N"
"GOETO1","ESGP","ESGP","Säve","SE","N574632","E0115214","J","N"
"GOETS1","EBTN","EBTN","Goetsenhoven","BE","N504654","E0045728","J","N"
"GOSLA1","ZZZZ","GOSLAR  BO","Bollrich","DE","N515417","E0102733","J","N"
"GOTHA1","EDEG","EDEG","Gotha","DE","N505813","E0104345","J","N"
"GRABE1","EDSG","EDSG","Grabenstetten","DE","N483210","E0092614","J","N"
"GRANA1","LEGR","LEGR","Granada","ES","N371119","W0034639","J","N"
"GRANC1","GCLP","GCLP","Gran Canaria","ES","N275555","W0152312","J","N"
"GRANV1","LFRF","LFRF","Granville","FR","N485258","W0013350","J","N"
"GRAZ+1","LOWG","LOWG","Graz","AT","N465935","E0152621","J","N"
"GREFR1","EDLF","EDLF","Grefrath","DE","N512002","E0062134","J","N"
"GREIZ1","EDOT","EDOT","Greiz","DE","N503839","E0121030","J","N"
"GRENC1","LSZG","LSZG","Grenchen","CH","N471053","E0072459","J","N"
"GRENO1","LFLG","LFLG","Le Versoud","FR","N451309","E0055057","J","N"
"GRIES1","EDPG","EDPG","Griesau","DE","N485713","E0122517","J","N"
"GRIFT1","ZZZZ","GRIFTE EDE","Edermünde","DE","N511316","E0092652","J","N"
"GRONI1","EHGG","EHGG","Eelde","NL","N530730","E0063500","J","N"
"GROSR1","EDAG","EDAG","Großrückerswalde","DE","N503839","E0130743","J","N"
"GROSS1","EDAK","EDAK","Großenhain","DE","N511829","E0133320","J","N"
"GRUBE1","EDHB","EDHB","Grube","DE","N541440","E0110126","J","N"
"GRUDZ1","EPGI","EPGI","Lisie Katy","PL","N533128","E0185057","J","N"
"GRUEN1","ZZZZ","GRUENSTADT","Grünstadt","DE","N493508","E0080822","J","N"
"GRUYE1","LSGT","LSGT","Gruyères","CH","N463539","E0070540","J","N"
"GUENZ1","EDMG","EDMG","Günzburg","DE","N482911","E0101657","J","N"
"GUERN1","EGJB","EGJB","Guernsey","UK","N492606","W0023607","J","N"
"GUEST1","EDCU","EDCU","Güstrow","DE","N534820","E0121348","J","N"
"GUNDE1","EDMU","EDMU","Gundelfingen","DE","N483410","E0102132","J","N"
"GUNZE1","EDMH","EDMH","Gunzenhausen","DE","N490644","E0104655","J","N"
"GYORP1","LHPR","LHPR","Pér","HU","N473735","E0174825","J","N"
"HADER1","EKHV","EKHV","Haderslev","DK","N551808","E0093121","J","N"
"HADSU1","EKHS","EKHS","Hadsund","DK","N564521","E0101344","J","N"
"HAGEN1","ZZZZ","HAGEN  HOF","Hagen","DE","N511827","E0072537","J","N"
"HAGUE1","LFSH","LFSH","Haguenau","FR","N484741","E0074901","J","N"
"HAHNW1","EDST","EDST","Hahnweide","DE","N483755","E0092545","J","N"
"HAITE1","ZZZZ","HAITERBACH","Haiterbach-Nagold","DE","N483153","E0084031","J","N"
"HALLE1","EDAQ","EDAQ","Oppin","DE","N513308","E0120314","J","N"
"HAMAR1","ENHA","ENHA","Stafsberg","NO","N604905","E0110405","J","N"
"HAMBF1","EDHI","EDHI","Finkenwerder","DE","N533207","E0095008","J","N"
"HAMBU1","EDDH","EDDH","Hamburg","DE","N533750","E0095918","J","N"
"HAMEL1","EDVW","EDVW","Bad Pyrmont","DE","N515758","E0091727","J","N"
"HAMMF1","ENHF","ENHF","Hammerfest","NO","N704047","E0234007","J","N"
"HAMML1","EDLH","EDLH","Hamm","DE","N514125","E0074904","J","N"
"HANGE1","ZZZZ","HANGENSTEI","Hangenstein","DE","N485558","E0084856","J","N"
"HANNO1","EDDV","EDDV","Hannover","DE","N522737","E0094101","J","N"
"HARLE1","EDXP","EDXP","Harle","DE","N534225","E0074917","J","N"
"HARTE1","EDHM","EDHM","Hartenholm","DE","N535454","E0100226","J","N"
"HASEN2","LSPK","LSPK","Hasenstrick","CH","N471648","E0085255","J","N"
"HASLO1","ZZZZ","HASSLOCH P","Haßloch","DE","N492118","E0081713","J","N"
"HASLT1","EBZH","EBZH","Hasselt","BE","N505813","E0052230","J","N"
"HASSF1","EDQT","EDQT","Hassfurt","DE","N500105","E0103146","J","N"
"HAUSE1","LSZN","LSZN","Hausen am Albis","CH","N471419","E0083056","J","N"
"HAYIN1","ZZZZ","HAYINGEN","Hayingen","DE","N481706","E0092756","J","N"
"HEIBO1","ZZZZ","HEILBRONN","Heilbronn-Böckingen","DE","N490718","E0091046","J","N"
"HEIDE1","EDXB","EDXB","Büsum","DE","N540912","E0085406","J","N"
"HELGO1","EDXH","EDXH","Helgoland","DE","N541107","E0075457","J","N"
"HELLE1","ZZZZ","HELLENHAGE","Hellenhagen","DE","N520131","E0093352","J","N"
"HELNS1","ZZZZ","HELLINGST","Hellingst","DE","N532230","E0085100","J","N"
"HELSI1","EFHK","EFHK","Helsinki","FI","N601902","E0245748","J","N"
"HELSM1","EFHF","EFHF","Malmi","FI","N601514","E0250239","J","N"
"HENGS1","ZZZZ","HENGSEN OP","Hengsen-Opherdicke","DE","N512824","E0073842","J","N"
"HEPPE1","EDEP","EDEP","Heppenheim","DE","N493715","E0083729","J","N"
"HERIN1","EDAH","EDAH","Heringsdorf","DE","N535243","E0140908","J","N"
"HERMU1","ZZZZ","HERMUTHAUS","Hermuthausen","DE","N491852","E0094443","J","N"
"HERNI1","EKHG","EKHG","Herning","DK","N561105","E0090240","J","N"
"HERRE1","EDEH","EDEH","Herrenteich","DE","N492044","E0082916","J","N"
"HERTE1","EDTR","EDTR","Rheinfelden","DE","N473336","E0074454","J","N"
"HERZO1","EDQH","EDQH","Herzogenaurach","DE","N493458","E0105242","J","N"
"HESSI1","ZZZZ","HESSISCH L","Lichtenau","DE","N511120","E0094434","J","N"
"HETTS1","EDGH","EDGH","Hettstadt","DE","N494755","E0095013","J","N"
"HETZL1","EDQX","EDQX","Hetzleser Berg","DE","N493832","E0110945","J","N"
"HEUBA1","EDTH","EDTH","Heubach","DE","N484811","E0095540","J","N"
"HIERR1","GCHI","GCHI","Hierro","ES","N274853","W0175314","J","N"
"HILDE1","EDVM","EDVM","Hildesheim","DE","N521047","E0095644","J","N"
"HILDK1","ZZZZ","HILDEN KES","Hilden","DE","N511114","E0065829","J","N"
"HILVE1","EHHV","EHHV","Hilversum","NL","N521131","E0050849","J","N"
"HILZI1","ZZZZ","HILZINGEN","Hilzingen","DE","N474538","E0084603","J","N"
"HINTE2","ZZZZ","HINTERWEIL","Hinterweiler","DE","N501442","E0064519","J","N"
"HIRZE1","EDFI","EDFI","Hirzenhain","DE","N504717","E0082334","J","N"
"HOCKE1","EDFX","EDFX","Hockenheim","DE","N491929","E0083140","J","N"
"HODEN1","EDVH","EDVH","Hodenhagen","DE","N524545","E0093644","J","N"
"HODKO1","LKHD","LKHD","Hodkovice","CZ","N503926","E0150440","J","N"
"HOELL1","EDVL","EDVL","Hölleberg","DE","N513640","E0092351","J","N"
"HOEPE1","ZZZZ","HOEPEN","Höpen","DE","N530851","E0094746","J","N"
"HOERB1","ZZZZ","HOERBACH","Hörbach","DE","N504006","E0081538","J","N"
"HOEVE1","EHSE","EHSE","Seppe","NL","N513317","E0043309","J","N"
"HOEVN1","EBHN","EBHN","Hoevenen","BE","N511819","E0042326","J","N"
"HOEXT1","EDVI","EDVI","Höxter","DE","N514823","E0092242","J","N"
"HOF++1","EDQM","EDQM","Hof","DE","N501719","E0115112","J","N"
"HOHER1","ZZZZ","HOHERODSKO","Hoherodskopf","DE","N503002","E0091326","J","N"
"HOHN+1","ETNH","ETNH","Hohn","DE","N541844","E0093218","J","N"
"HOHND1","LOIH","LOIH","Hohenems","AT","N472305","E0094202","J","N"
"HOLBA1","EKHK","EKHK","Holbæk","DK","N554358","E0113610","J","N"
"HOLES1","LKHO","LKHO","Holešov","CZ","N491852","E0173408","J","N"
"HOLTO1","ZZZZ","HOLTORFSLO","Holtorfsloh","DE","N531920","E0100428","J","N"
"HOMBE1","ZZZZ","HOMBERG  O","Homberg/Ohm","DE","N504450","E0090111","J","N"
"HOOGE1","EHHO","EHHO","Hoogeveen","NL","N524351","E0063058","J","N"
"HOPPS1","EDRH","EDRH","Hoppstädten","DE","N493639","E0071112","J","N"
"HORNB1","ZZZZ","HORNBERG","Hornberg","DE","N484441","E0095145","J","N"
"HOSIN1","LKHS","LKHS","Hosín","CZ","N490224","E0142942","J","N"
"HOYA+1","ZZZZ","HOYA","Hoya","DE","N524844","E0090947","J","N"
"HRANI1","LKHN","LKHN","Hranice","CZ","N493246","E0174216","J","N"
"HUENS1","EDKH","EDKH","Hünsborn","DE","N505543","E0075357","J","N"
"HUETT1","EDXU","EDXU","Hüttenbusch","DE","N531711","E0085650","J","N"
"HUHNR1","ZZZZ","HUHNRAIN A","Huhnrain","DE","N502924","E0095042","J","N"
"HUSUM1","EDXJ","EDXJ","Husum","DE","N543036","E0090818","J","N"
"HVARP1","LDSH","LDSH","Hvar","HR","N431054","E0163800","J","N"
"IBIZA1","LEIB","LEIB","Ibiza","ES","N385222","E0012223","J","N"
"IDARO1","EDRG","EDRG","Idar-Oberstein","DE","N494356","E0072013","J","N"
"IGUAL1","LEIG","LEIG","Igualada-Ódena","ES","N413514","E0013908","J","N"
"ILEDY1","LFEY","LFEY","Île D'Yeu","FR","N464307","W0022331","J","N"
"ILLER1","EDMI","EDMI","Illertissen","DE","N481407","E0100816","J","N"
"INGEL1","EDGI","EDGI","Ingelfingen","DE","N491918","E0093949","J","N"
"INGOL1","ETSI","ETSI","Ingolstadt","DE","N484256","E0113202","J","N"
"INNSB1","LOWI","LOWI","Innsbruck","AT","N471537","E0112038","J","N"
"IPPES2","ZZZZ","IPPESHEIM","Ippesheim","DE","N493635","E0101332","J","N"
"IRAKL1","LGIR","LGIR","Kazantzakis","GR","N352023","E0251049","J","N"
"ISESU1","ZZZZ","ISERLOHN S","Iserlohn-Sümmern","DE","N512611","E0074159","J","N"
"ISLEW1","EGHN","EGHN","Sandown","UK","N503911","W0011056","J","N"
"ISNYR1","ZZZZ","ISNY  ROTM","Isny-Rotmoos","DE","N474202","E0100112","J","N"
"ITHWI1","EDVT","EDVT","Ithwiesen","DE","N515704","E0093946","J","N"
"IVALO1","EFIV","EFIV","Ivalo","FI","N683639","E0272450","J","N"
"IWONI1","EPIW","EPIW","Iwonicz","PL","N493928","E0214903","J","N"
"JAROM1","LKJA","LKJA","Jaroměř","CZ","N501953","E0155714","J","N"
"JELEN1","EPJG","EPJG","Jelenia Góra","PL","N505356","E0154708","J","N"
"JENAS1","EDBJ","EDBJ","Jena-Schöngleina","DE","N505456","E0114251","J","N"
"JEREZ1","LEJR","LEJR","Jerez","ES","N364441","W0060337","J","N"
"JERSE1","EGJJ","EGJJ","Jersey","UK","N491229","W0021144","J","N"
"JESEN1","EDMJ","EDMJ","Jesenwang","DE","N481028","E0110731","J","N"
"JIHLA1","LKJI","LKJI","Jihlava","CZ","N492510","E0153807","J","N"
"JINDR1","LKJH","LKJH","Hradec","CZ","N490903","E0145818","J","N"
"JOHAN1","ZZZZ","JOHANNISAU","Johannisau","DE","N503213","E0093945","J","N"
"JONKI1","ESGJ","ESGJ","Jönköping","SE","N574530","E0140409","J","N"
"JUIST1","EDWJ","EDWJ","Juist","DE","N534050","E0070328","J","N"
"JUVAN1","LFQX","LFQX","Juvancourt","FR","N480654","E0044913","J","N"
"KALUN1","EKKL","EKKL","Kalundborg","DK","N554200","E0111500","J","N"
"KAMEH1","ZZZZ","KAMEN HEER","Kamen","DE","N513525","E0074237","J","N"
"KAMEN1","EDCM","EDCM","Kamenz","DE","N511749","E0140739","J","N"
"KAMPL1","EDLC","EDLC","Kamp-Lintfort","DE","N513144","E0063210","J","N"
"KAPFE1","LOGK","LOGK","Kapfenberg","AT","N472727","E0151952","J","N"
"KARLB1","EDSB","EDSB","Baden","DE","N484645","E0080450","J","N"
"KARLF1","EDTK","EDTK","Forchheim","DE","N485847","E0081952","J","N"
"KARLH1","EDWK","EDWK","Karlshöfen","DE","N531958","E0090143","J","N"
"KARLV1","LKKV","LKKV","Karlovy Vary","CZ","N501211","E0125454","J","N"
"KARSA1","ZZZZ","KARLSTADT","Karlstadt","DE","N495817","E0094729","J","N"
"KARUP1","EKKA","EKKA","Karup","DK","N561751","E0090729","J","N"
"KASSE1","EDVK","EDVK","Kassel","DE","N512430","E0092240","J","N"
"KATOM1","EPKM","EPKM","Katowice-Muchowiec","PL","N501418","E0190202","J","N"
"KATOW1","EPKT","EPKT","Katowice","PL","N502827","E0190448","J","N"
"KAUFB1","ZZZZ","KAUFBEUREN","Kaufbeuren","DE","N475141","E0103651","J","N"
"KAUNA1","EYKA","EYKA","Kaunas","LT","N545750","E0240505","J","N"
"KEFLA1","BIKF","BIKF","Keflavik","IS","N635906","W0223620","J","N"
"KEHLS1","EDSK","EDSK","Kehl","DE","N483341","E0075038","J","N"
"KEMPT1","EDMK","EDMK","Kempten","DE","N474134","E0102018","J","N"
"KERKI1","LGKR","LGKR","Ioannis Kapodistrias","GR","N393607","E0195444","J","N"
"KETRZ1","EPKE","EPKE","Kętrzyn","PL","N540237","E0212556","J","N"
"KIELC1","EPKA","EPKA","Maslów","PL","N505348","E0204354","J","N"
"KIELH1","EDHK","EDHK","Kiel","DE","N542246","E0100843","J","N"
"KIRCI1","EDNK","EDNK","Kirchdorf","DE","N481419","E0125837","J","N"
"KIRN+1","ZZZZ","KIRN","Kirn","DE","N494630","E0073110","J","N"
"KIRUN1","ESNQ","ESNQ","Kiruna","SE","N674916","E0202008","J","N"
"KISKU1","LHKH","LHKH","Kiskunfélegyháza","HU","N464402","E0195327","J","N"
"KLADM1","LKKL","LKKL","Kladno","CZ","N500646","E0140523","J","N"
"KLAGE1","LOWK","LOWK","Klagenfurt","AT","N463834","E0142014","J","N"
"KLATO1","LKKT","LKKT","Klatovy","CZ","N492506","E0131919","J","N"
"KLEIN1","EDOM","EDOM","Mühlingen","DE","N515651","E0114611","J","N"
"KLEVE1","ZZZZ","KLEVE WISS","Kleve-Wisseler Dünen","DE","N514610","E0061757","J","N"
"KLIET1","EDCL","EDCL","Klietz","DE","N524234","E0120424","J","N"
"KLIPP1","ZZZZ","KLIPPENECK","Klippeneck","DE","N480628","E0084545","J","N"
"KLIX+1","EDCI","EDCI","Klix","DE","N511625","E0143023","J","N"
"KOBEN1","EKCH","EKCH","Kastrup","DK","N553705","E0123921","J","N"
"KOBER1","EKRK","EKRK","Roskilde","DK","N553508","E0120753","J","N"
"KOBLE1","EDRK","EDRK","Koblenz","DE","N501932","E0073143","J","N"
"KOELN1","EDDK","EDDK","Köln/Bonn","DE","N505157","E0070834","J","N"
"KOETH1","EDCK","EDCK","Köthen","DE","N514325","E0115653","J","N"
"KOLDI1","EKVD","EKVD","Vamdrup","DK","N552611","E0091952","J","N"
"KONST1","EDTZ","EDTZ","Konstanz","DE","N474052","E0090824","J","N"
"KONZK1","ZZZZ","KONZ KOENE","Könen","DE","N494034","E0063235","J","N"
"KORBA1","EDGK","EDGK","Korbach","DE","N511514","E0085234","J","N"
"KORTR1","EBKT","EBKT","Wevelgem","BE","N504908","E0031232","J","N"
"KOSIC1","LZKZ","LZKZ","Košice","SK","N483947","E0211428","J","N"
"KOSKO1","LGKO","LGKO","Ippokratis","GR","N364741","E0270528","J","N"
"KOSTE1","EKMN","EKMN","Koster Vig","DK","N545754","E0121141","J","N"
"KRAKO1","EPKK","EPKK","Kraków","PL","N500440","E0194705","J","N"
"KREFE1","EDLK","EDLK","Krefeld","DE","N512304","E0063508","J","N"
"KREMS1","LOAG","LOAG","Krems","AT","N482646","E0153801","J","N"
"KRISA1","ENCN","ENCN","Kjevik","NO","N581214","E0080506","J","N"
"KRISU1","ENKB","ENKB","Kvernberget","NO","N630643","E0074934","J","N"
"KRKRI1","LDRI","LDRI","Rijeka","HR","N451300","E0143413","J","N"
"KRNOV1","LKKR","LKKR","Krnov","CZ","N500433","E0174132","J","N"
"KRONA1","ZZZZ","KRONACH  K","Kronach","DE","N501437","E0112131","J","N"
"KROSN1","EPKR","EPKR","Krosno","PL","N494059","E0214401","J","N"
"KRUSA1","EKPB","EKPB","Kruså","DK","N545213","E0091644","J","N"
"KUEHR1","EDXZ","EDXZ","Kührstedt","DE","N533402","E0084725","J","N"
"KUFST1","LOIK","LOIK","Kufstein","AT","N473351","E0120739","J","N"
"KULMB1","EDQK","EDQK","Kulmbach","DE","N500806","E0112731","J","N"
"KUNOV1","LKKU","LKKU","Kunovice","CZ","N490146","E0172623","J","N"
"KYRIT1","EDBK","EDBK","Kyritz","DE","N525508","E0122531","J","N"
"LAAGE1","ETNL","ETNL","Laage","DE","N535505","E0121642","J","N"
"LABAU1","LFRE","LFRE","La Baule","FR","N471721","W0022050","J","N"
"LACHE1","EDRL","EDRL","Lachen","DE","N491948","E0081246","J","N"
"LACOT1","LSGP","LSGP","La Côte","CH","N462423","E0061529","J","N"
"LAEND1","EGHC","EGHC","Lands End","UK","N500610","W0054014","J","N"
"LAESO1","EKLS","EKLS","Læsø","DK","N571638","E0110000","J","N"
"LAGER1","EDFJ","EDFJ","Hammelburg","DE","N500555","E0095302","J","N"
"LAGOM1","GCGM","GCGM","La Gomera","ES","N280146","W0171252","J","N"
"LAHR+1","EDTL","EDTL","Lahr","DE","N482209","E0074940","J","N"
"LAHTI1","EFLA","EFLA","Vesivehmaa","FI","N610839","E0254135","J","N"
"LAICH1","EDPJ","EDPJ","Laichingen","DE","N482949","E0093825","J","N"
"LAMOL1","LFTZ","LFTZ","La Mole","FR","N431223","E0062855","J","N"
"LANDA1","ZZZZ","LANDAU  EB","Landau","DE","N491035","E0080810","J","N"
"LANDE1","EDML","EDML","Landshut","DE","N483046","E0120206","J","N"
"LANDS1","ETSA","ETSA","Landsberg","DE","N480414","E0105422","J","N"
"LANGB1","ZZZZ","LANGENBERG","Langenberg","DE","N504752","E0093345","J","N"
"LANGE1","EDWL","EDWL","Langeoog","DE","N534434","E0072955","J","N"
"LANGH1","EDOH","EDOH","Langhennersdorf","DE","N505650","E0131542","J","N"
"LANGT1","LSPL","LSPL","Langenthal","CH","N471058","E0074429","J","N"
"LANLO1","EDEL","EDEL","Langenlonsheim","DE","N495430","E0075428","J","N"
"LANSE1","ZZZZ","LANGENSELB","Langenselbold","DE","N501037","E0090401","J","N"
"LANWI1","ZZZZ","LANGENFELD","Langenfeld","DE","N510827","E0065909","J","N"
"LANZA1","GCRR","GCRR","Lanzarote","ES","N285644","W0133619","J","N"
"LANZE1","LOGL","LOGL","Lanzen-Turnau","AT","N473324","E0151919","J","N"
"LAPA+1","GCLA","GCLA","La Palma","ES","N283735","W0174520","J","N"
"LARNA1","LCLK","LCLK","Larnaka","CY","N345244","E0333749","J","N"
"LAROC1","LFBH","LFBH","La Rochelle","FR","N461045","W0011143","J","N"
"LAROS1","LFRI","LFRI","La Roche","FR","N464209","W0012254","J","N"
"LAUCH1","EDBL","EDBL","Laucha","DE","N511446","E0114135","J","N"
"LAUEN1","EDHU","EDHU","Lauenbrück","DE","N531226","E0093426","J","N"
"LAUFE1","ZZZZ","LAUFENSELD","Laufenselden","DE","N501318","E0075955","J","N"
"LAUFL1","EDQI","EDQI","Lauf","DE","N493617","E0111702","J","N"
"LAUPH1","ETHL","ETHL","Laupheim","DE","N481312","E0095437","J","N"
"LAUSA1","LSGL","LSGL","Lausanne","CH","N463243","E0063700","J","N"
"LAUTE1","EDFT","EDFT","Lauterbach","DE","N504100","E0092437","J","N"
"LAVAL1","LFOV","LFOV","Laval","FR","N480156","W0004434","J","N"
"LEAQU2","LIAP","LIAP","L'Aquila","IT","N453743","E0113522","J","N"
"LEBRT1","ZZZZ","LEIBERTING","Leibertingen","DE","N480241","E0090151","J","N"
"LECAS1","LFMQ","LFMQ","Le Castellet","FR","N431508","E0054710","J","N"
"LECCE2","LI16","LI16","Lecce-Fondone","IT","N402122","E0181358","J","N"
"LECK+1","EDXK","EDXK","Leck","DE","N544724","E0085741","J","N"
"LEEDS1","EGNM","EGNM","Leeds","UK","N535157","W0013938","J","N"
"LEERN1","EDWF","EDWF","Leer","DE","N531619","E0072631","J","N"
"LEEUW1","EHLW","EHLW","Leeuwarden","NL","N531331","E0054509","J","N"
"LEHAV1","LFOH","LFOH","Le Havre","FR","N493202","E0000517","J","N"
"LEIDE1","EHVB","EHVB","Valkenburg","NL","N520958","E0042504","J","N"
"LEIPZ1","EDDP","EDDP","Leipzig","DE","N512526","E0121411","J","N"
"LELYS1","EHLE","EHLE","Lelystad","NL","N522737","E0053138","J","N"
"LEMAN1","LFRM","LFRM","Le Mans","FR","N475655","E0001206","J","N"
"LEMVI1","EKLV","EKLV","Lemvig","DK","N563011","E0081841","J","N"
"LEMWE1","EDWD","EDWD","Lemwerder","DE","N530836","E0083724","J","N"
"LEON+1","LELN","LELN","León","ES","N423520","W0053920","J","N"
"LESEP1","LSGC","LSGC","Les Eplatures","CH","N470503","E0064737","J","N"
"LESZN1","EPLS","EPLS","Leszno","PL","N515006","E0163119","J","N"
"LETNA1","LKLT","LKLT","Letňany","CZ","N500753","E0143132","J","N"
"LETOU1","LFAT","LFAT","Le Touquet","FR","N503108","E0013714","J","N"
"LEUCH1","EGQL","EGQL","Leuchars","UK","N562223","W0025206","J","N"
"LEUTK1","EDNL","EDNL","Leutkirch","DE","N475132","E0100052","J","N"
"LEUZE1","ZZZZ","LEUZENDORF","Leuzendorf","DE","N492106","E0100428","J","N"
"LEVER1","EDKL","EDKL","Leverkusen","DE","N510055","E0070022","J","N"
"LEZIG1","LFMZ","LFMZ","Lézignan","FR","N431033","E0024359","J","N"
"LIBER1","LKLB","LKLB","Liberec","CZ","N504606","E0150130","J","N"
"LICHT1","EDQL","EDQL","Lichtenfels","DE","N500852","E0110249","J","N"
"LIEGE1","EBLG","EBLG","Liège","BE","N503811","E0052634","J","N"
"LIENZ1","LOKL","LOKL","Lienz","AT","N464754","E0125242","J","N"
"LILLE1","LFQQ","LFQQ","Lille","FR","N503348","E0030513","J","N"
"LILLM1","LFQO","LFQO","Marcq","FR","N504117","E0030434","J","N"
"LINDT1","EK20","EK20","Lindtorp","DK","N562348","E0082634","J","N"
"LINKE1","EDRI","EDRI","Linkenheim","DE","N490828","E0082341","J","N"
"LINZ+1","LOWL","LOWL","Linz","AT","N481400","E0141117","J","N"
"LINZO1","LOLO","LOLO","Linz-Ost","AT","N481758","E0142003","J","N"
"LISBO1","LPPT","LPPT","Lisboa","PT","N384627","W0090803","J","N"
"LIVER1","EGGP","EGGP","Liverpool","UK","N532001","W0025059","J","N"
"LJUBL1","LJLJ","LJLJ","Ljubljana","SI","N461328","E0142722","J","N"
"LJUNF1","ESMG","ESMG","Feringe","SE","N565701","E0135518","J","N"
"LOCAR1","LSMO","LSMO","Locarno","CH","N460939","E0085243","J","N"
"LOCKT2","ZZZZ","LOCKTOW UL","Locktow","DE","N520700","E0124234","J","N"
"LODZL1","EPLL","EPLL","Lódz","PL","N514319","E0192353","J","N"
"LOECH1","ZZZZ","LOECHGAU","Löchgau","DE","N490005","E0090512","J","N"
"LOGRO1","LERJ","LERJ","Rioja","ES","N422738","W0021914","J","N"
"LOLLA1","EKMB","EKMB","Maribo","DK","N544158","E0112625","J","N"
"LOMMI1","LSZT","LSZT","Lommis","CH","N473130","E0090016","J","N"
"LONDC1","EGLC","EGLC","City","UK","N513019","E0000319","J","N"
"LONDH1","EGLL","EGLL","Heathrow","UK","N512839","W0002741","J","N"
"LONDL1","EGGW","EGGW","Luton","UK","N515229","W0002206","J","N"
"LONDO1","EGKK","EGKK","Gatwick","UK","N510853","W0001125","J","N"
"LONDS1","EGSS","EGSS","Stansted","UK","N515306","E0001406","J","N"
"LONGU1","LFGS","LFGS","Longuyon","FR","N492904","E0053420","J","N"
"LOSIN1","LDLO","LDLO","Lošinj","HR","N443357","E0142335","J","N"
"LUBIN1","EPLU","EPLU","Lubin","PL","N512523","E0161146","J","N"
"LUBLS1","EPLB","EPLB","Lublin","PL","N511425","E0224249","J","N"
"LUDWI1","ZZZZ","LUDWIGSHAF","Dannstadt","DE","N492444","E0082103","J","N"
"LUEBE1","EDHL","EDHL","Lübeck","DE","N534819","E0104309","J","N"
"LUECH1","EDHC","EDHC","Lüchow","DE","N530104","E0110839","J","N"
"LUENE1","EDHG","EDHG","Lüneburg","DE","N531454","E0102729","J","N"
"LUESS1","EDOJ","EDOJ","Lüsse","DE","N520836","E0124013","J","N"
"LUGAN1","LSZA","LSZA","Lugano","CH","N460013","E0085437","J","N"
"LUXEM1","ELLX","ELLX","Luxembourg","LU","N493724","E0061216","J","N"
"LUZER1","LSZO","LSZO","Beromünster","CH","N471124","E0081217","J","N"
"LYONB1","LFLY","LFLY","Bron","FR","N454346","E0045620","J","N"
"MAAST1","EHBK","EHBK","Beek","NL","N505457","E0054637","J","N"
"MADEI1","LPMA","LPMA","Madeira","PT","N324139","W0164641","J","N"
"MADRC1","LECU","LECU","Cuatro","ES","N402214","W0034706","J","N"
"MADRG1","LEGT","LEGT","Getafe","ES","N401739","W0034326","J","N"
"MADRI1","LEMD","LEMD","Barajas","ES","N402820","W0033339","J","N"
"MADRT1","LETO","LETO","Torrejón","ES","N402948","W0032645","J","N"
"MAGDC1","EDBC","EDBC","Cochstedt","DE","N515122","E0112505","J","N"
"MAGDE1","EDBM","EDBM","Magdeburg","DE","N520425","E0113735","J","N"
"MAINB1","EDFU","EDFU","Mainbullau","DE","N494142","E0091055","J","N"
"MAINZ1","EDFZ","EDFZ","Mainz","DE","N495807","E0080853","J","N"
"MALAG1","LEMG","LEMG","Malaga","ES","N364030","W0042957","J","N"
"MALLO1","LESB","LESB","Son Bonet","ES","N393556","E0024210","J","N"
"MALMO1","ESMS","ESMS","Sturup","SE","N553254","E0132112","J","N"
"MALSC1","ZZZZ","MALSCH","Malsch","DE","N491414","E0084042","J","N"
"MALTA1","LMML","LMML","Luqa","MT","N355127","E0142839","J","N"
"MANCR1","EGCC","EGCC","Manchester","UK","N532113","W0021630","J","N"
"MANCW1","EGCD","EGCD","Woodford","UK","N532017","W0020857","J","N"
"MANNH1","EDFM","EDFM","Mannheim","DE","N492822","E0083047","J","N"
"MANST1","EGMH","EGMH","Manston","UK","N512032","E0012046","J","N"
"MARBU1","EDFN","EDFN","Marburg","DE","N505228","E0084853","J","N"
"MARIB1","LJMB","LJMB","Maribor","SI","N462848","E0154110","J","N"
"MARIE1","EFMA","EFMA","Mariehamn","FI","N600719","E0195347","J","N"
"MARIN1","LIRJ","LIRJ","Marina di Campo","IT","N424542","E0101423","J","N"
"MARKD1","ZZZZ","MARKDORF","Markdorf","DE","N474234","E0092321","J","N"
"MARLL1","EDLM","EDLM","Marl","DE","N513849","E0070949","J","N"
"MARPI1","ZZZZ","MARPINGEN","Marpingen","DE","N492710","E0070222","J","N"
"MARSE1","LFML","LFML","Provence","FR","N432612","E0051254","J","N"
"MARSK1","LKMR","LKMR","Mariánské Lázne","CZ","N495522","E0124329","J","N"
"MARTI1","LZMA","LZMA","Martin","SK","N490355","E0185703","J","N"
"MATKO1","LHMP","LHMP","Matkópuszta","HU","N464831","E0194015","J","N"
"MAUBE1","LFQJ","LFQJ","Maubeuge","FR","N501833","E0040151","J","N"
"MAULE1","LFJB","LFJB","Mauléon","FR","N465414","W0004150","J","N"
"MAUTE1","LOSM","LOSM","Mauterndorf","AT","N470755","E0134146","J","N"
"MEAUX1","LFPE","LFPE","Meaux","FR","N485537","E0025002","J","N"
"MEGAR1","LGMG","LGMG","Megara","GR","N375853","E0232158","J","N"
"MEIER1","ZZZZ","MEIERSBERG","Meiersberg","DE","N511756","E0065727","J","N"
"MEINE1","EDKZ","EDKZ","Meinerzhagen","DE","N510600","E0073558","J","N"
"MELIL1","GEML","GEML","Melilla","ES","N351647","W0025722","J","N"
"MELLE1","EDXG","EDXG","Melle","DE","N521203","E0082250","J","N"
"MELUN1","LFPM","LFPM","Melun","FR","N483619","E0024015","J","N"
"MEMMI1","EDJA","EDJA","Memmingen","DE","N475920","E0101422","J","N"
"MENDE1","ZZZZ","MENDEN BAR","Menden-Barge","DE","N512735","E0075010","J","N"
"MENDI1","ETHM","ETHM","Mendig","DE","N502157","E0071855","J","N"
"MENGE1","EDTM","EDTM","Mengen","DE","N480314","E0092222","J","N"
"MENGH1","EDVG","EDVG","Mengeringhausen","DE","N512235","E0085852","J","N"
"MENOR1","LEMH","LEMH","Menorca","ES","N395145","E0041307","J","N"
"MERSE1","EDAM","EDAM","Merseburg","DE","N512145","E0115628","J","N"
"MERVI1","LFQT","LFQT","Merville","FR","N503700","E0023825","J","N"
"MESCH1","EDKM","EDKM","Meschede","DE","N511810","E0081422","J","N"
"METZF1","LFSF","LFSF","Metz","FR","N490421","E0060755","J","N"
"METZN1","LFJL","LFJL","Lorraine","FR","N485851","E0061501","J","N"
"MICHB1","ZZZZ","MICHELBACH","Michelbach","DE","N501354","E0080437","J","N"
"MICHE1","EDFO","EDFO","Michelstadt","DE","N494041","E0085826","J","N"
"MIDDE1","EHMZ","EHMZ","Midden-Zeeland","NL","N513044","E0034352","J","N"
"MIELE1","EPML","EPML","Mielec","PL","N501920","E0212744","J","N"
"MILAL1","LIML","LIML","Linate","IT","N452658","E0091642","J","N"
"MILAM1","LIMC","LIMC","Malpensa","IT","N453748","E0084323","J","N"
"MIMIZ1","LFCZ","LFCZ","Mimizan","FR","N440849","W0010951","J","N"
"MINDE1","EDMN","EDMN","Mindelheim","DE","N480628","E0103129","J","N"
"MINSK1","UMMS","UMMS","Minsk 2","BY","N535257","E0280157","J","N"
"MLADA1","LKMB","LKMB","Mladá Boleslav","CZ","N502354","E0145354","J","N"
"MNICH1","LKMH","LKMH","Hradiště","CZ","N503224","E0150024","J","N"
"MODEN1","LIPM","LIPM","Módena","IT","N443803","E0104838","J","N"
"MOECK1","ZZZZ","MOECKMUEHL","Möckmühl","DE","N492039","E0092401","J","N"
"MOENC1","EDLN","EDLN","Mönchengladbach","DE","N511349","E0063016","J","N"
"MOENH1","ZZZZ","MOENCHSHEI","Mönchsheide","DE","N503030","E0071520","J","N"
"MOLLI1","LSMF","LSMF","Mollis","CH","N470443","E0090354","J","N"
"MONAS1","DTMB","DTMB","Bourguiba","TN","N354529","E0104517","J","N"
"MONBA1","ZZZZ","MONTABAUR","Montabaur","DE","N502523","E0074937","J","N"
"MONTB1","LFSM","LFSM","Montbéliard","FR","N472912","E0064729","J","N"
"MONTE1","LFLQ","LFLQ","Montélimar","FR","N443501","E0044424","J","N"
"MONTN1","LFBM","LFBM","Marsan","FR","N435443","W0002924","J","N"
"MONTP1","LFMT","LFMT","Montpellier","FR","N433500","E0035741","J","N"
"MONTR1","LSTR","LSTR","Montricher","CH","N463525","E0062402","J","N"
"MOORS1","EBMO","EBMO","Moorsele","BE","N505110","E0030850","J","N"
"MOOSB1","EDPI","EDPI","Moosburg","DE","N482724","E0115629","J","N"
"MOPEC1","LFNG","LFNG","Candillargues","FR","N433637","E0040411","J","N"
"MORSO1","EKNM","EKNM","Morsø","DK","N564928","E0084711","J","N"
"MOSBA1","EDGM","EDGM","Mosbach","DE","N492358","E0090725","J","N"
"MOSEN1","EDEM","EDEM","Mosenberg","DE","N510346","E0092519","J","N"
"MOSKA1","UUEE","UUEE","Sheremetyevo","RU","N555818","E0372454","J","N"
"MOST+1","LKMO","LKMO","Most","CZ","N503130","E0134059","J","N"
"MOTIE1","LSTO","LSTO","Môtiers","CH","N465500","E0063655","J","N"
"MOULI1","LFHY","LFHY","Moulins","FR","N463204","E0032518","J","N"
"MUEBN1","ZZZZ","MUELBEN","Mülben","DE","N492711","E0090620","J","N"
"MUEHD1","EDMY","EDMY","Mühldorf","DE","N481647","E0123001","J","N"
"MUEHL1","EDEQ","EDEQ","Mühlhausen","DE","N511247","E0103258","J","N"
"MUENC1","EDDM","EDDM","München","DE","N482114","E0114710","J","N"
"MUENE1","ZZZZ","MUENSINGEN","Münsingen","DE","N482433","E0092633","J","N"
"MUENS1","EDDG","EDDG","Münster","DE","N520805","E0074105","J","N"
"MUENT1","EDLT","EDLT","Telgte","DE","N515640","E0074625","J","N"
"MUERI1","EDAX","EDAX","Lärz","DE","N531823","E0124509","J","N"
"MULHO1","LFGB","LFGB","Habsheim","FR","N474429","E0072555","J","N"
"MURCI1","LELC","LELC","San Javier","ES","N374630","W0004845","J","N"
"MUSBA1","ZZZZ","MUSBACH","Musbach","DE","N483010","E0082843","J","N"
"NABER1","EDTN","EDTN","Nabern","DE","N483645","E0092838","J","N"
"NAKSK1","EKNS","EKNS","Nakskov","DK","N544902","E0110751","J","N"
"NAMUR1","EBNM","EBNM","Namur","BE","N502917","E0044608","J","N"
"NANCE1","LFSN","LFSN","Nancy","FR","N484132","E0061334","J","N"
"NANNH1","EDRN","EDRN","Nannhausen","DE","N495813","E0072844","J","N"
"NANTE1","LFRS","LFRS","Nantes","FR","N470926","W0013628","J","N"
"NAPOL1","LIRN","LIRN","Nápoli","IT","N405304","E0141727","J","N"
"NARDT1","EDAT","EDAT","Nardt","DE","N512700","E0141158","J","N"
"NASTA1","ZZZZ","NASTAETTEN","Nastätten","DE","N501153","E0075320","J","N"
"NAUEN1","EDCN","EDCN","Nauen","DE","N523735","E0125451","J","N"
"NERES1","ZZZZ","NERESHEIM","Neresheim","DE","N484429","E0101946","J","N"
"NEUBR1","ETNU","ETNU","Neubrandenburg","DE","N533608","E0131822","J","N"
"NEUBU1","EDNJ","EDNJ","Egweil","DE","N484657","E0111315","J","N"
"NEUCH1","LSGN","LSGN","Neuchâtel","CH","N465727","E0065153","J","N"
"NEUEC1","EDSN","EDSN","Neuhausen ob Eck","DE","N475836","E0085415","J","N"
"NEUHA1","EDON","EDON","Neuhardenberg","DE","N523647","E0141434","J","N"
"NEUHS1","EDAP","EDAP","Neuhausen","DE","N514105","E0142523","J","N"
"NEUJE1","ZZZZ","NEUJELLING","Fehmarn","DE","N542724","E0110636","J","N"
"NEUMA1","EDRD","EDRD","Neumagen","DE","N495034","E0065458","J","N"
"NEUMO1","EDPO","EDPO","Neumarkt","DE","N491708","E0112641","J","N"
"NEUMU1","EDHN","EDHN","Neumünster","DE","N540446","E0095631","J","N"
"NEUSA1","EDQN","EDQN","Neustadt/Aisch","DE","N493515","E0103440","J","N"
"NEUST1","EDAN","EDAN","Neustadt-Glewe","DE","N532145","E0113652","J","N"
"NEVER1","LFQG","LFQG","Nevers","FR","N470013","E0030639","J","N"
"NEWCA1","EGNT","EGNT","Newcastle","UK","N550215","W0014130","J","N"
"NICEC1","LFMN","LFMN","Nice","FR","N433955","E0071254","J","N"
"NIDDA1","ZZZZ","NIDDA AUF","Nidda","DE","N502419","E0085916","J","N"
"NIEDE1","EDLV","EDLV","Weeze","DE","N513609","E0060832","J","N"
"NIEDM1","ETHN","ETHN","Niederstetten","DE","N492331","E0095730","J","N"
"NIEDO1","LOGO","LOGO","Niederöblarn","AT","N472843","E0140028","J","N"
"NIENB1","EDXI","EDXI","Nienburg","DE","N524235","E0090945","J","N"
"NIMEG1","LFTW","LFTW","Garons","FR","N434527","E0042459","J","N"
"NITRA1","LZNI","LZNI","Nitra","SK","N481646","E0180758","J","N"
"NITTE1","EDNM","EDNM","Bruck","DE","N491321","E0121747","J","N"
"NOERD1","EDNO","EDNO","Nördlingen","DE","N485213","E0103017","J","N"
"NOERT1","ELNT","ELNT","Noertrange","LU","N495852","E0055504","J","N"
"NOERV1","ETNN","ETNN","Nörvenich","DE","N504952","E0063930","J","N"
"NOETS1","LOKN","LOKN","Nötsch","AT","N463450","E0133742","J","N"
"NORDB1","EDGN","EDGN","Nordenbeck","DE","N511406","E0084901","J","N"
"NORDE1","EDWY","EDWY","Norderney","DE","N534224","E0071348","J","N"
"NORDH1","EDAO","EDAO","Nordhausen","DE","N512934","E0105016","J","N"
"NORDL1","EDWN","EDWN","Nordhorn","DE","N522728","E0071057","J","N"
"NORDM1","ETMN","ETMN","Nordholz","DE","N534603","E0083930","J","N"
"NORDN1","EDWS","EDWS","Norddeich","DE","N533759","E0071124","J","N"
"NORDS1","EDXN","EDXN","Spieka","DE","N534601","E0083837","J","N"
"NORRK1","ESSP","ESSP","Kungsängen","SE","N583509","E0161446","J","N"
"NORRT1","ESSN","ESSN","Norrtälje","SE","N594358","E0184147","J","N"
"NORTH1","EDVN","EDVN","Northeim","DE","N514223","E0100223","J","N"
"NOTOD1","ENNO","ENNO","Notodden","NO","N593356","E0091244","J","N"
"NOTTE1","EGNX","EGNX","East Midlands","UK","N524952","W0011941","J","N"
"NOWYT1","EPNT","EPNT","Nowy Targ","PL","N492746","E0200301","J","N"
"NUERN1","EDDN","EDDN","Nürnberg","DE","N492955","E0110440","J","N"
"OBERM1","EDFP","EDFP","Obermörlen","DE","N502143","E0084241","J","J"
"OBERP1","EDMO","EDMO","Oberpfaffenhofen","DE","N480453","E0111659","J","N"
"OBERR1","EDUO","EDUO","Oberrißdorf","DE","N513238","E0113541","J","N"
"OBESC1","EDNX","EDNX","Schleißheim","DE","N481420","E0113333","J","N"
"OBRME1","EDCO","EDCO","Obermehler","DE","N511604","E0103805","J","N"
"OCHSE1","EDGJ","EDGJ","Ochsenfurt","DE","N494027","E0100418","J","N"
"ODENS1","EKOD","EKOD","Odense","DK","N552836","E0101951","J","N"
"OEHNA1","EDBO","EDBO","Oehna","DE","N515359","E0130311","J","N"
"OERLI1","EDLO","EDLO","Oerlinghausen","DE","N515557","E0083943","J","N"
"OEVEN1","ZZZZ","OEVENTROP","Oeventrop","DE","N512345","E0080851","J","N"
"OFFEN1","EDTO","EDTO","Offenburg","DE","N482659","E0075529","J","N"
"OLBIA1","LIEO","LIEO","Olbia","IT","N405355","E0093104","J","N"
"OLDEN1","EDWH","EDWH","Oldenburg","DE","N530407","E0081845","J","N"
"OLESN1","EPOA","EPOA","Oleśnica","PL","N511253","E0172618","J","N"
"OLSZT1","EPOD","EPOD","Olsztyn","PL","N534623","E0202454","J","N"
"OLTEN1","LSPO","LSPO","Olten","CH","N472036","E0075319","J","N"
"OOSTE1","EBOS","EBOS","Oostende","BE","N511156","E0025144","J","N"
"OPOLE1","EPOP","EPOP","Opole","PL","N503800","E0174654","J","N"
"OPPEN1","EDGP","EDGP","Oppenheim","DE","N495028","E0082233","J","N"
"OPPER1","ZZZZ","OPPERSHAUS","Oppershausen","DE","N523544","E0101323","J","N"
"ORLEA1","LFOJ","LFOJ","Bricy","FR","N475916","E0014538","J","N"
"OSCHA1","EDOQ","EDOQ","Oschatz","DE","N511749","E0130447","J","N"
"OSCHE1","EDOL","EDOL","Oschersleben","DE","N520218","E0111220","J","N"
"OSLOF1","ENFB","ENFB","Fornebu","NO","N595345","E0103702","J","N"
"OSLOG1","ENGM","ENGM","Gardermoen","NO","N601210","E0110502","J","N"
"OSNAB1","EDWO","EDWO","Osnabrück","DE","N521712","E0075811","J","N"
"OSTRA1","LKMT","LKMT","Mošnov","CZ","N494146","E0180639","J","N"
"OTROK1","LKOT","LKOT","Otrokovice","CZ","N491154","E0173104","J","N"
"OTTEG1","EDQO","EDQO","Ottengrüner Heide","DE","N501333","E0114353","J","N"
"PACOV1","LKPV","LKPV","Pacov","CZ","N492504","E0145952","J","N"
"PADEL1","EDLP","EDLP","Paderborn","DE","N513650","E0083657","J","N"
"PADER1","EDLR","EDLR","Haxterberg","DE","N514119","E0084633","J","N"
"PALEP1","LICJ","LICJ","Palermo","IT","N381055","E0130558","J","N"
"PALMA1","LEPA","LEPA","Palma","ES","N393306","E0024420","J","N"
"PAMPL1","LEPP","LEPP","Pamplona","ES","N424612","W0013847","J","N"
"PARDU1","LKPD","LKPD","Pardubice","CZ","N500048","E0154419","J","N"
"PARIB1","LFPB","LFPB","Le Bourget","FR","N485810","E0022630","J","N"
"PARII1","LFPI","LFPI","Moulineaux","FR","N485003","E0021627","J","N"
"PARIO1","LFPO","LFPO","Orly","FR","N484324","E0022246","J","N"
"PARIS1","LFPG","LFPG","De Gaulle","FR","N490035","E0023252","J","N"
"PARMA1","LIMP","LIMP","Parma","IT","N444920","E0101743","J","N"
"PASEW1","EDCV","EDCV","Pasewalk","DE","N533019","E0135654","J","N"
"PATER1","ZZZZ","PATERZELL","Paterzell","DE","N475045","E0110340","J","N"
"PATTO1","EDTQ","EDTQ","Pattonville","DE","N485150","E0091327","J","N"
"PAUPY1","LFBP","LFBP","Pau","FR","N432248","W0002507","J","N"
"PEENE1","EDCP","EDCP","Peenemünde","DE","N540932","E0134623","J","N"
"PEGNI1","EDQZ","EDQZ","Pegnitz","DE","N494544","E0113428","J","N"
"PEINE1","EDVP","EDVP","Eddesse","DE","N522409","E0101344","J","N"
"PEING1","ZZZZ","PEINE GLIN","Glindbruchkippe","DE","N521925","E0101054","J","N"
"PELLW1","EDHP","EDHP","Pellworm","DE","N543212","E0084048","J","N"
"PENNE1","EDOS","EDOS","Pennewitz","DE","N504010","E0110303","J","N"
"PERPI1","LFMP","LFMP","Perpignan","FR","N424427","E0025211","J","N"
"PERUG1","LIRZ","LIRZ","Perugia","IT","N430550","E0123037","J","N"
"PESCA1","LIBP","LIBP","Pescara","IT","N422614","E0141114","J","N"
"PFARR1","EDNP","EDNP","Pfarrkirchen","DE","N482513","E0125153","J","N"
"PFULL1","EDTP","EDTP","Pfullendorf","DE","N475430","E0091506","J","N"
"PIERR1","LFHD","LFHD","Pierrelatte","FR","N442356","E0044303","J","N"
"PIEST1","LZPP","LZPP","Pieštany","SK","N483730","E0174943","J","N"
"PINKA1","LOGP","LOGP","Pinkafeld","AT","N472313","E0160646","J","N"
"PINNO1","EDBP","EDBP","Pinnow","DE","N533657","E0113346","J","N"
"PIOTR1","EPPT","EPPT","Piotrków","PL","N512259","E0194118","J","N"
"PIRMA1","EDRP","EDRP","Pirmasens","DE","N491552","E0072918","J","N"
"PIRNA1","EDAR","EDAR","Pirna","DE","N505847","E0135431","J","N"
"PISAS1","LIRP","LIRP","Pisa","IT","N434058","E0102344","J","N"
"PITHI1","LFFP","LFFP","Pithiviers","FR","N480926","E0021130","J","N"
"PLAET1","ZZZZ","PLAETZER H","Der Plätzer","DE","N504234","E0094421","J","N"
"PLEID1","ZZZZ","PLEIDELSHE","Pleidelsheim","DE","N485724","E0091131","J","N"
"PLETT1","EDKP","EDKP","Plettenberg","DE","N511131","E0074722","J","N"
"PLYMO1","EGHD","EGHD","Plymouth","UK","N502522","W0040621","J","N"
"PLZEN1","LKLN","LKLN","Líne","CZ","N494031","E0131628","J","N"
"POBIE1","EPKP","EPKP","Pobiednik","PL","N500523","E0201206","J","N"
"POHLH1","ZZZZ","POHLHEIM V","Pohlheim","DE","N503156","E0084402","J","N"
"POLTR1","EDSP","EDSP","Poltringen","DE","N483249","E0085646","J","N"
"PONTA1","LFSP","LFSP","Pontarlier","FR","N465415","E0061937","J","N"
"PONTO1","LFPT","LFPT","Pontoise","FR","N490548","E0020227","J","N"
"PONTY1","LFGO","LFGO","Pont-Sur-Yonne","FR","N481732","E0031442","J","N"
"POPRA1","LZTT","LZTT","Tatry","SK","N490425","E0201428","J","N"
"PORRE1","LSZY","LSZY","Porrentruy","CH","N472438","E0070306","J","N"
"PORTA1","EDVY","EDVY","Porta Westfalica","DE","N521316","E0085135","J","N"
"PORTI1","LPPM","LPPM","Portimão","PT","N370905","W0083455","J","N"
"PORTZ1","LJPZ","LJPZ","Portorož","SI","N452824","E0133654","J","N"
"POZNK1","EPPK","EPPK","Kobylnica","PL","N522602","E0170239","J","N"
"POZNL1","EPPO","EPPO","Poznan","PL","N522516","E0164935","J","N"
"PRAGU1","LKPR","LKPR","Ruzyne","CZ","N500603","E0141536","J","N"
"PRIBR1","LKPM","LKPM","Příbram","CZ","N494312","E0140601","J","N"
"PRIEV1","LZPE","LZPE","Prievidza","SK","N484558","E0183512","J","N"
"PRITZ1","EDBU","EDBU","Pritzwalk","DE","N531048","E0121104","J","N"
"PUNIT1","LOGG","LOGG","Punitz","AT","N470850","E0161900","J","N"
"PURKS1","EDCX","EDCX","Purkshof","DE","N540943","E0121452","J","N"
"QUIBE1","LFEQ","LFEQ","Quiberon","FR","N472855","W0030603","J","N"
"QUIMP1","LFRQ","LFRQ","Quimper","FR","N475830","W0041004","J","N"
"RAMST1","ETAR","ETAR","Ramstein","DE","N492613","E0073601","J","N"
"RANDE1","EKRD","EKRD","Randers","DK","N563024","E0100211","J","N"
"RASTA1","ZZZZ","RASTATT BA","Rastatt","DE","N485229","E0081250","J","N"
"RAUTA1","EFRA","EFRA","Rautavaara","FI","N632527","E0280727","J","N"
"REGEN1","EDNR","EDNR","Regensburg","DE","N490831","E0120455","J","N"
"REICH1","EDFB","EDFB","Reichelsheim","DE","N502009","E0085241","J","J"
"REICM1","LSGR","LSGR","Reichenbach","CH","N463649","E0074041","J","N"
"REIMP1","LFQA","LFQA","Prunay","FR","N491231","E0040924","J","N"
"REIMS1","LFSR","LFSR","Reims","FR","N491836","E0040303","J","N"
"REINH1","ZZZZ","REINHEIM","Reinheim","DE","N495022","E0085103","J","N"
"REINS1","EDOD","EDOD","Reinsdorf","DE","N515404","E0131140","J","N"
"REISE1","ZZZZ","REISELFING","Reiselfingen","DE","N475106","E0082217","J","N"
"RENDS1","EDXR","EDXR","Rendsburg","DE","N541316","E0093603","J","N"
"RENNE1","EDOX","EDOX","Renneritz","DE","N513535","E0121414","J","N"
"RERIK1","EDCR","EDCR","Rerik","DE","N540455","E0113856","J","N"
"REUST1","LERS","LERS","Reus","ES","N410851","E0011002","J","N"
"REUTT1","LOIR","LOIR","Reutte","AT","N472817","E0104131","J","N"
"RHEIE1","EDXE","EDXE","Rheine","DE","N521633","E0072929","J","N"
"RIEDE1","ZZZZ","RIEDELBACH","Riedelbach","DE","N501809","E0082303","J","N"
"RIEDK1","LOLK","LOLK","Kirchheim","AT","N481244","E0132046","J","N"
"RIELI1","ZZZZ","RIEDLINGEN","Riedlingen","DE","N480840","E0092800","J","N"
"RIESA1","EDAU","EDAU","Riesa","DE","N511735","E0132126","J","N"
"RIESC1","ZZZZ","RIESA  CAN","Riesa-Canitz","DE","N511811","E0131340","J","N"
"RIGA+1","EVRA","EVRA","Riga","LV","N565525","E0235816","J","N"
"RINGS1","EKRS","EKRS","Ringsted","DK","N552533","E0114825","J","N"
"RINTE1","EDVR","EDVR","Rinteln","DE","N521031","E0090312","J","N"
"ROE002","EKRR","EKRR","Mægård","DK","N551237","E0145243","J","N"
"ROITZ1","EDAW","EDAW","Roitzschjora","DE","N513440","E0122940","J","N"
"ROMAF1","LIRF","LIRF","Fiumicino","IT","N414801","E0121420","J","N"
"ROMAU1","LIRU","LIRU","Urbe","IT","N415707","E0123003","J","N"
"ROMIL1","LFQR","LFQR","Romilly-Sur-Seine","FR","N483002","E0034546","J","N"
"RORVI1","ENRM","ENRM","Rørvik","NO","N645018","E0110846","J","N"
"ROSEN1","EDQP","EDQP","Rosenthal","DE","N495148","E0114717","J","N"
"ROTEN1","EDXQ","EDXQ","Wümme","DE","N530742","E0092055","J","N"
"ROTHE1","EDFR","EDFR","Rothenburg","DE","N492326","E0101308","J","N"
"ROTHO1","EDBR","EDBR","Rothenburg/Görlitz","DE","N512150","E0145704","J","N"
"ROTTE1","EHRD","EHRD","Rotterdam","NL","N515725","E0042614","J","N"
"ROTTW1","EDSZ","EDSZ","Rottweil","DE","N481112","E0084323","J","N"
"ROUEN1","LFOP","LFOP","Rouen","FR","N492327","E0011102","J","N"
"ROVAN1","EFRO","EFRO","Rovaniemi","FI","N663342","E0254951","J","N"
"ROYAN1","LFCY","LFCY","Royan","FR","N453752","W0005832","J","N"
"RUDNI1","EPRU","EPRU","Częstochowa-Rudniki","PL","N505311","E0191209","J","N"
"RUDOL1","EDOK","EDOK","Rudolstadt","DE","N504358","E0111410","J","N"
"RUEDE1","ZZZZ","RUEDESHEIM","Eibinger Forstwiesen","DE","N500101","E0075334","J","N"
"RUEGE1","EDCG","EDCG","Rügen","DE","N542302","E0131932","J","N"
"RZESJ1","EPRZ","EPRZ","Rzeszów-Jasionka","PL","N500636","E0220108","J","N"
"RZESZ1","EPRJ","EPRJ","Rzeszów","PL","N500619","E0220253","J","N"
"SAALK1","ZZZZ","SAAL KREUZ","Saal","DE","N501832","E0102224","J","N"
"SAANE1","LSGK","LSGK","Saanen","CH","N462911","E0071455","J","N"
"SABAD1","LELL","LELL","Sabadell","ES","N413115","E0020618","J","N"
"SABRU1","EDDR","EDDR","Saarbrücken","DE","N491253","E0070634","J","N"
"SAGHI1","EBSG","EBSG","St. Ghislain","BE","N502727","E0034913","J","N"
"SALAC1","LESA","LESA","Salamanca","ES","N405707","W0053007","J","N"
"SALER1","LIRI","LIRI","Salerno","IT","N403712","E0145445","J","N"
"SALOU1","EDRJ","EDRJ","Saarlouis","DE","N491845","E0064026","J","N"
"SALZB1","LOWS","LOWS","Salzburg","AT","N474740","E0130012","J","N"
"SALZG1","EDVS","EDVS","Salzgitter","DE","N520916","E0102535","J","N"
"SALZS1","EDVJ","EDVJ","Schäferstuhl","DE","N520150","E0102147","J","N"
"SAMED1","LSZS","LSZS","Samedan","CH","N463204","E0095302","J","N"
"SAMSO1","EKSS","EKSS","Samsø","DK","N555323","E0103650","J","N"
"SAMUN1","EDCS","EDCS","Saarmund","DE","N521830","E0130602","J","N"
"SAN9O1","LETP","LETP","Santo Tomé","ES","N411215","W0033541","J","N"
"SANDN1","ENST","ENST","Stokka","NO","N655735","E0122820","J","N"
"SANSE1","LESO","LESO","San Sebastián","ES","N432123","W0014726","J","N"
"SANTI1","LEST","LEST","Santiago","ES","N425347","W0082455","J","N"
"SANTR1","LEXJ","LEXJ","Santander","ES","N432537","W0034912","J","N"
"SANVI1","LSXV","LSXV","San Vittore","CH","N461403","E0090539","J","N"
"SARME1","LHSM","LHSM","Sármellék","HU","N464111","E0170933","J","N"
"SATOR1","LGSR","LGSR","Santorini","GR","N362357","E0252845","J","N"
"SAULD2","ZZZZ","SAULDORF B","Sauldorf","DE","N475723","E0090200","J","N"
"SAULG1","EDTU","EDTU","Saulgau","DE","N480146","E0093026","J","N"
"SAZEN1","LKSZ","LKSZ","Sazená","CZ","N501929","E0141532","J","N"
"SCHAE1","LSZX","LSZX","Schänis","CH","N471018","E0090222","J","N"
"SCHAF1","LSPF","LSPF","Schaffhausen","CH","N474126","E0083137","J","N"
"SCHAM1","EDGQ","EDGQ","Schameder","DE","N510000","E0081825","J","N"
"SCHAR1","LOLC","LOLC","Scharnstein","AT","N475353","E0135619","J","N"
"SCHAS1","LOLS","LOLS","Schärding","AT","N482411","E0132653","J","N"
"SCHCO1","ZZZZ","SCHWANN CO","Schwann-Connweiler","DE","N485018","E0083234","J","N"
"SCHEU1","ZZZZ","SCHEUEN CE","Scheuen","DE","N524010","E0100520","J","N"
"SCHFE1","ZZZZ","SCHLECHTEN","Schlechtenfeld","DE","N481705","E0094024","J","N"
"SCHLE1","EDXC","EDXC","Kropp","DE","N542532","E0093231","J","N"
"SCHLI1","ZZZZ","SCHLIERSTA","Schlierstadt","DE","N492634","E0092145","J","N"
"SCHMA1","EDKR","EDKR","Schmallenberg","DE","N510942","E0081542","J","N"
"SCHMI1","EDPQ","EDPQ","Schmidgaden","DE","N492546","E0120553","J","N"
"SCHMO1","EDBY","EDBY","Schmoldow","DE","N535814","E0132038","J","N"
"SCHOE1","EDAZ","EDAZ","Schönhagen","DE","N521229","E0130923","J","N"
"SCHON1","EDPK","EDPK","Schönberg","DE","N480252","E0123002","J","N"
"SCHOZ1","EDOZ","EDOZ","Schönebeck","DE","N515947","E0114725","J","N"
"SCHRE1","ZZZZ","SCHRECKHOF","Schreckhof","DE","N492109","E0090719","J","N"
"SCHTT1","ZZZZ","SCHOTTEN","Schotten","DE","N503205","E0090844","J","N"
"SCHWA1","EDBZ","EDBZ","Schwarzheide","DE","N512923","E0135246","J","N"
"SCHWD1","EDPF","EDPF","Schwandorf","DE","N492026","E0121105","J","N"
"SCHWE1","EDOP","EDOP","Parchim","DE","N532537","E0114700","J","N"
"SCHWH1","EDTY","EDTY","Schwäbisch Hall","DE","N490706","E0094702","J","N"
"SCHWM1","EDNS","EDNS","Schwabmünchen","DE","N481046","E0104211","J","N"
"SCHWN1","EDTS","EDTS","Schwenningen","DE","N480356","E0083416","J","N"
"SCHWS1","EDFS","EDFS","Schweinfurt","DE","N500038","E0101505","J","N"
"SCHWW1","EDTX","EDTX","Schwäbisch Hall","DE","N490726","E0094653","J","N"
"SCILL1","EGHE","EGHE","Scillies","UK","N495448","W0061730","J","N"
"SCWAB1","EDPH","EDPH","Schwabach","DE","N491607","E0110036","J","N"
"SCWEI1","EDRO","EDRO","Schweighofen","DE","N490154","E0075924","J","N"
"SEDAD1","LFSJ","LFSJ","Sedan","FR","N493935","E0050214","J","N"
"SEEDO1","EDXS","EDXS","Seedorf","DE","N532008","E0091534","J","N"
"SEGEL1","EDAI","EDAI","Segeletz","DE","N524935","E0123231","J","N"
"SENGE2","ZZZZ","SENGENTHAL","Forst","DE","N491255","E0112403","J","N"
"SERRE1","LFTM","LFTM","Serres","FR","N442730","E0054340","J","N"
"SEVIL1","LEZL","LEZL","Sevilla","ES","N372504","W0055356","J","N"
"SHANN1","EINN","EINN","Shannon","IE","N524207","W0085529","J","N"
"SHORE1","EGKA","EGKA","Shoreham","UK","N505008","W0001750","J","N"
"SIEEI1","ZZZZ","SIEGEN EIS","Eisernhardt","DE","N505015","E0080051","J","N"
"SIEGE1","EDGS","EDGS","Siegerland","DE","N504228","E0080459","J","N"
"SIENA1","LIQS","LIQS","Siena","IT","N431531","E0111517","J","N"
"SIERK1","EDXT","EDXT","Sierksdorf","DE","N540402","E0104434","J","N"
"SINDA1","EKSN","EKSN","Sindal","DK","N573012","E0101345","J","N"
"SINGH1","ZZZZ","SINGHOFEN","Singhofen","DE","N501613","E0075113","J","N"
"SINSH1","EDTK","EDTK","Sinsheim","DE","N491450","E0085338","J","N"
"SIOFO1","LHSK","LHSK","Kiliti","HU","N465126","E0180545","J","N"
"SION+1","LSGS","LSGS","Sion","CH","N461309","E0071937","J","N"
"SISTE1","LFNS","LFNS","Sisteron","FR","N441715","E0055547","J","N"
"SITTE1","LSZV","LSZV","Sitterdorf","CH","N473032","E0091546","J","N"
"SKIVE1","EKSV","EKSV","Skive","DK","N563301","E0091023","J","N"
"SLIAC1","LZSL","LZSL","Sliac","SK","N483817","E0190803","J","N"
"SOEMM1","EDBS","EDBS","Sömmerda","DE","N511155","E0111128","J","N"
"SOESB1","EHSB","EHSB","Soesterberg","NL","N520739","E0051634","J","N"
"SOEST1","EDLZ","EDLZ","Soest","DE","N513441","E0081251","J","N"
"SOGND1","ENSG","ENSG","Sogndal","NO","N610922","E0070816","J","N"
"SONDE1","EKSB","EKSB","Sønderborg","DK","N545752","E0094730","J","N"
"SONNE1","EDPS","EDPS","Sonnen","DE","N484058","E0134145","J","N"
"SONTR1","ZZZZ","SONTRA DOR","Dornberg bei Sontra","DE","N510515","E0095456","J","N"
"SPALA1","EBSP","EBSP","Spa","BE","N502857","E0055437","J","N"
"SPECK1","LSZK","LSZK","Speck-Fehraltorf","CH","N472235","E0084527","J","N"
"SPEYE1","EDRY","EDRY","Speyer","DE","N491817","E0082706","J","N"
"SPISS1","LZSV","LZSV","Spišská Nová Ves","SK","N485627","E0203202","J","N"
"SPITZ1","LOAS","LOAS","Spitzerberg","AT","N480606","E0165603","J","N"
"SPJAL1","EKSD","EKSD","Spjald","DK","N560610","E0083051","J","N"
"SPLIT1","LDSP","LDSP","Split","HR","N433220","E0161753","J","N"
"SPREM1","EDCY","EDCY","Welzow","DE","N513437","E0140813","J","N"
"SPROS1","EDCH","EDCH","Sprossen","DE","N510235","E0121359","J","N"
"STADE1","EDHS","EDHS","Stade","DE","N533340","E0092957","J","N"
"STADT1","EDLS","EDLS","Stadtlohn","DE","N515945","E0065026","J","N"
"STAHR1","EDSR","EDSR","Stahringen","DE","N474810","E0085846","J","N"
"STAUB1","LFMX","LFMX","St. Auban","FR","N440336","E0055927","J","N"
"STAUF1","ZZZZ","STAUFFENBU","Stauffenbühl","DE","N510933","E0100250","J","N"
"STAUN1","EKVJ","EKVJ","Stauning","DK","N555924","E0082114","J","N"
"STAVA1","ENZV","ENZV","Sola","NO","N585236","E0053816","J","N"
"STCYR1","LFPZ","LFPZ","Saint Cyr","FR","N484837","E0020424","J","N"
"STDIE1","LFGY","LFGY","St-Dié/Remomeix","FR","N481602","E0070029","J","N"
"STDIZ1","LFSI","LFSI","Saint-Dizier","FR","N483801","E0045429","J","N"
"STECH1","EDUA","EDUA","Stechow","DE","N523902","E0122916","J","N"
"STEND1","EDOV","EDOV","Stendal","DE","N523744","E0114912","J","N"
"STESU1","ZZZZ","STEINBERG","Steinberg (bei Surwold)","DE","N525724","E0073325","J","N"
"STGAL1","LSZR","LSZR","St. Gallen","CH","N472906","E0093343","J","N"
"STHUB1","EBSH","EBSH","St. Hubert","BE","N500209","E0052415","J","N"
"STJOH1","LOIJ","LOIJ","St. Johann","AT","N473114","E0122658","J","N"
"STMIC1","EDXM","EDXM","St. Michaelisdonn","DE","N535842","E0090844","J","N"
"STOC61","ESKN","ESKN","Skavsta","SE","N584719","E0165413","J","N"
"STOCA1","ESSA","ESSA","Arlanda","SE","N593907","E0175507","J","N"
"STOCB1","ESSB","ESSB","Bromma","SE","N592116","E0175632","J","N"
"STOCK1","LOAU","LOAU","Stockerau","AT","N482433","E0161128","J","N"
"STOEL1","EDOR","EDOR","Stölln","DE","N524428","E0122324","J","N"
"STPET1","EDXO","EDXO","St. Peter","DE","N541832","E0084112","J","N"
"STPOL1","LFDP","LFDP","Saint Pierre","FR","N455733","W0011901","J","N"
"STQUE1","LFOW","LFOW","Saint Quentin","FR","N494901","E0031221","J","N"
"STRAL1","EDBV","EDBV","Stralsund","DE","N542009","E0130237","J","N"
"STRAM1","LFLR","LFLR","St. Rambert","FR","N451522","E0044931","J","N"
"STRAU1","EDAY","EDAY","Strausberg","DE","N523448","E0135456","J","N"
"STRAW1","EDMS","EDMS","Straubing","DE","N485404","E0123106","J","N"
"STRSE1","LFST","LFST","Strasbourg","FR","N483231","E0073804","J","N"
"STRUN1","LKSR","LKSR","Strunkovice","CZ","N490457","E0140433","J","N"
"STUTT1","EDDS","EDDS","Stuttgart","DE","N484124","E0091319","J","N"
"SUHLG1","EDQS","EDQS","Suhl","DE","N503756","E0104333","J","N"
"SULTM1","ZZZZ","SULTMER BE","Sultmerberg","DE","N514346","E0095932","J","N"
"SUMPE1","LKSU","LKSU","Šumperk","CZ","N495738","E0170104","J","N"
"SUWAL1","EPSU","EPSU","Suwalki","PL","N540422","E0225357","J","N"
"SWIDN1","EPSW","EPSW","Świdnik","PL","N511355","E0224125","J","N"
"SYDFY1","EKST","EKST","Tåsinge","DK","N550059","E0103347","J","N"
"SZCZD1","EPSD","EPSD","Szczecin","PL","N532332","E0143802","J","N"
"SZCZE1","EPSC","EPSC","Szczecin-Goleniów","PL","N533505","E0145408","J","N"
"SZYMA1","EPSY","EPSY","Mazury","PL","N532854","E0205616","J","N"
"TABAR1","DTKA","DTKA","Tabarka","TN","N365848","E0085237","J","N"
"TABOR1","LKTA","LKTA","Tábor","CZ","N492328","E0144230","J","N"
"TALLI1","EETN","EETN","Tallinn","EE","N592448","E0244957","J","N"
"TANGE1","GMTT","GMTT","Tanger","MA","N354354","W0055516","J","N"
"TANNH1","EDMT","EDMT","Tannheim","DE","N480036","E0100557","J","N"
"TARBE1","LFBT","LFBT","Lourdes","FR","N431107","W0000011","J","N"
"TAUCH1","EDCT","EDCT","Taucha","DE","N512341","E0123213","J","N"
"TEMPL1","EDUT","EDUT","Groß Dölln","DE","N530155","E0133233","J","N"
"TENER1","GCTS","GCTS","Tenerife South","ES","N280240","W0163421","J","N"
"TEPCE2","ZZZZ","TEPLICE UL","Teplice","CZ","N503715","E0134838","J","N"
"TERNE1","GCXO","GCXO","Tenerife","ES","N282857","W0162029","J","N"
"TEXEL1","EHTX","EHTX","Texel","NL","N530659","E0045002","J","N"
"THALM1","EDPW","EDPW","Thalmässing","DE","N490352","E0111234","J","N"
"THANN1","EDNU","EDNU","Thannhausen","DE","N481725","E0102631","J","N"
"THESS1","LGTS","LGTS","Makedonia","GR","N403111","E0225815","J","N"
"THION1","LFGV","LFGV","Thionville","FR","N492117","E0061203","J","N"
"THIST1","EKTS","EKTS","Thisted","DK","N570408","E0084219","J","N"
"THUN+1","LSZW","LSZW","Thun","CH","N464523","E0073602","J","N"
"TIBEN1","ZZZZ","TIBENHAM","Tibenham","UK","N522727","E0010942","J","N"
"TOKOL1","LHTL","LHTL","Tököl","HU","N472043","E0185851","J","N"
"TONDE1","EKTD","EKTD","Tønder","DK","N545547","E0085025","J","N"
"TORGA1","EDOG","EDOG","Beilrode","DE","N513416","E0130308","J","N"
"TORIC1","LIMF","LIMF","Torino","IT","N451206","E0073858","J","N"
"TORSY1","LFOT","LFOT","Tours","FR","N472555","E0004323","J","N"
"TORUN1","EPTO","EPTO","Toruń","PL","N530145","E0183245","J","N"
"TOULB1","LFBO","LFBO","Blagnac","FR","N433806","E0012204","J","N"
"TOURN1","EBTY","EBTY","Tournai","BE","N503147","E0032940","J","N"
"TOURS1","LFEN","LFEN","Sorigny","FR","N471600","E0004158","J","N"
"TOUSS1","LFPN","LFPN","Toussus","FR","N484459","E0020641","J","N"
"TRABE1","EDRM","EDRM","Traben-Trarbach","DE","N495804","E0070642","J","N"
"TRAUS1","LOAT","LOAT","Trausdorf","AT","N474806","E0163335","J","N"
"TRENT1","LIDT","LIDT","Trento","IT","N460118","E0110729","J","N"
"TREUC1","EDNT","EDNT","Treuchtlingen-Bubenheim","DE","N485945","E0105306","J","N"
"TRIEB1","LOGI","LOGI","Trieben","AT","N472937","E0142948","J","N"
"TRIEN1","LSPN","LSPN","Triengen","CH","N471336","E0080441","J","N"
"TRIER1","EDRT","EDRT","Trier","DE","N495151","E0064717","J","N"
"TRIPL1","HLLT","HLLT","Tripoli","LY","N324010","E0130924","J","N"
"TROMS1","ENTC","ENTC","Tromsø","NO","N694053","E0185504","J","N"
"TROND1","ENVA","ENVA","Værnes","NO","N632727","E0105527","J","N"
"TROYE1","LFQB","LFQB","Troyes","FR","N481918","E0040100","J","N"
"TULLN1","LOXT","LOXT","Tulln","AT","N481915","E0160706","J","N"
"TUNIS1","DTTA","DTTA","Tunis","TN","N365104","E0101337","J","N"
"TUTOW1","EDUW","EDUW","Tutow","DE","N535519","E0131308","J","N"
"UEBER1","ZZZZ","UEBERSBERG","Übersberg","DE","N482729","E0091748","J","N"
"UELZE1","EDVU","EDVU","Uelzen","DE","N525901","E0102756","J","N"
"UETER1","EDHE","EDHE","Uetersen","DE","N533848","E0094214","J","N"
"UNTER1","ZZZZ","UNTERWOESS","Unterwössen","DE","N474347","E0122617","J","N"
"UNTES1","EDGU","EDGU","Unterschüpf","DE","N493057","E0094009","J","N"
"USLAR1","ZZZZ","USLAR","Uslar","DE","N513944","E0093619","J","N"
"UTTI+1","EFUT","EFUT","Utti","FI","N605347","E0265617","J","N"
"VAGAR1","EKVG","EKVG","Vágar","DK","N620349","W0071638","J","N"
"VAIHI1","ZZZZ","VAIHINGEN","Vaihingen/Enz","DE","N485611","E0085850","J","N"
"VALAR1","ENVE","ENVE","Valle","NO","N590155","E0073311","J","N"
"VALED1","LFAV","LFAV","Valenciennes","FR","N501929","E0032756","J","N"
"VALLA1","LEVD","LEVD","Valladolid","ES","N414222","W0045107","J","N"
"VALNC1","LEVC","LEVC","València","ES","N392922","W0002854","J","N"
"VANDL1","EKVA","EKVA","Vandel","DK","N554151","E0091247","J","N"
"VANNE1","LFRV","LFRV","Vannes","FR","N474309","W0024324","J","N"
"VARBE1","ESGV","ESGV","Varberg","SE","N570728","E0121333","J","N"
"VARRE1","EDWU","EDWU","Varrelbusch","DE","N525430","E0080236","J","N"
"VASKI1","EKVL","EKVL","Værløse","DK","N554602","E0122036","J","N"
"VASTE1","ESSW","ESSW","Västervik","SE","N574648","E0163125","J","N"
"VENET1","LIPZ","LIPZ","Venézia","IT","N453019","E0122106","J","N"
"VENEZ1","LIPV","LIPV","Lido","IT","N452544","E0122316","J","N"
"VERDE1","EDWV","EDWV","Verden","DE","N525755","E0091658","J","N"
"VERDU1","LFGW","LFGW","Verdun","FR","N490720","E0052815","J","N"
"VERVI1","EBTX","EBTX","Verviers-Theux","BE","N503309","E0055118","J","N"
"VESOU1","LFQW","LFQW","Vesoul","FR","N473819","E0061215","J","N"
"VETTW2","ZZZZ","VETTWEISS","Vettweiß-Soller","DE","N504451","E0063402","J","N"
"VIBOR1","EKVB","EKVB","Viborg","DK","N562436","E0092434","J","N"
"VICHY1","LFLV","LFLV","Vichy","FR","N461018","E0032415","J","N"
"VIELB1","ZZZZ","VIELBRUNN","Vielbrunn","DE","N494311","E0090454","J","N"
"VIGO+1","LEVX","LEVX","Vigo","ES","N421345","W0083739","J","N"
"VILAL1","LPVL","LPVL","Maia","PT","N411650","W0083101","J","N"
"VILLV1","LFPV","LFPV","Villa","FR","N484627","E0021130","J","N"
"VILNI1","EYVI","EYVI","Vilnius","LT","N543813","E0251716","J","N"
"VILSB1","EDMP","EDMP","Vilsbiburg","DE","N482536","E0122044","J","N"
"VILSH1","EDMV","EDMV","Vilshofen","DE","N483806","E0131144","J","N"
"VISIN1","ESSI","ESSI","Visingsö","SE","N580554","E0142359","J","N"
"VITEB1","UMII","UMII","Vitebsk","BY","N550735","E0302106","J","N"
"VITOR1","LEVT","LEVT","Vitoria","ES","N425258","W0024328","J","N"
"VITRY1","LFSK","LFSK","Vitry Le François","FR","N484212","E0044102","J","N"
"VLASI1","LKVL","LKVL","Vlašim","CZ","N494344","E0145244","J","N"
"VODOC1","LKVO","LKVO","Vodochody","CZ","N501300","E0142344","J","N"
"VOELT1","LOAD","LOAD","Völtendorf","AT","N480938","E0153511","J","N"
"VOESL1","LOAV","LOAV","Vöslau","AT","N475754","E0161538","J","N"
"VOGHE1","LILH","LILH","Voghera","IT","N445711","E0090058","J","N"
"VOGTA1","EDNV","EDNV","Vogtareuth","DE","N475646","E0121217","J","N"
"VOJEN1","EKSP","EKSP","Skrydstrup","DK","N551332","E0091550","J","N"
"VOLKE1","EHVK","EHVK","Volkel","NL","N513926","E0054229","J","N"
"VRCHL1","LKVR","LKVR","Vrchlabí","CZ","N503727","E0153847","J","N"
"WAECH1","EDSV","WAECHTERSB","Wächtersberg","DE","N483654","E0084526","J","N"
"WAHLS1","EDHW","EDHW","Wahlstedt","DE","N535810","E0101318","J","N"
"WAKU+1","EDER","EDER","Wasserkuppe","DE","N502952","E0095658","J","N"
"WALDE1","ZZZZ","WALDECK","Waldeck","DE","N511333","E0090319","J","N"
"WALDO1","EDGX","EDGX","Walldorf","DE","N491817","E0083933","J","N"
"WALLD1","EDEW","EDEW","Walldürn","DE","N493454","E0092408","J","N"
"WALSR1","ZZZZ","WALSRODE L","Walsrode","DE","N525318","E0093603","J","N"
"WANGE1","EDWG","EDWG","Wangerooge","DE","N534714","E0075457","J","N"
"WANGL1","LSPV","LSPV","Wangen-Lachen","CH","N471217","E0085201","J","N"
"WARBU1","ZZZZ","WARBURG  H","Warburg","DE","N512953","E0090509","J","N"
"WAREN1","EDOW","EDOW","Waren","DE","N533404","E0123907","J","N"
"WARSS1","EPWA","EPWA","Okęcie","PL","N520957","E0205801","J","N"
"WARSZ1","EPBC","EPBC","Babice","PL","N521609","E0205426","J","N"
"WEERT1","EHBD","EHBD","Budel","NL","N511516","E0053603","J","N"
"WEIDE1","EDQW","EDQW","Weiden","DE","N494044","E0120700","J","N"
"WEIMA1","EDOU","EDOU","Weimar","DE","N505753","E0112401","J","N"
"WEINH1","EDGZ","EDGZ","Weinheim","DE","N493401","E0083639","J","N"
"WEIPE1","ZZZZ","WEIPERTSHO","Weipertshofen","DE","N490511","E0100729","J","N"
"WEISH1","EDNW","EDNW","Weißenhorn","DE","N481722","E0100825","J","N"
"WEISS1","ZZZZ","WEISSENBUR","Wülzburg","DE","N490133","E0110107","J","N"
"WELS+1","LOLW","LOLW","Wels","AT","N481052","E0140215","J","N"
"WELZH1","ZZZZ","WELZHEIM","Welzheim","DE","N485235","E0093912","J","N"
"WENZE1","ZZZZ","WENZENDORF","Wenzendorf","DE","N532011","E0094642","J","N"
"WERDO1","EDKW","EDKW","Werdohl","DE","N511749","E0074903","J","N"
"WERNE1","EDBW","EDBW","Werneuchen","DE","N523759","E0134601","J","N"
"WERSH1","EDRV","EDRV","Wershofen","DE","N502706","E0064704","J","N"
"WERTH2","ZZZZ","WERTHEIM U","Wertheim","DE","N494333","E0093022","J","N"
"WESEL1","EDLX","EDLX","Wesel","DE","N513946","E0063545","J","N"
"WESER1","EDWM","EDWM","Weser-Wümme","DE","N530314","E0091231","J","N"
"WESTE1","EDXW","EDXW","Sylt","DE","N545442","E0082033","J","N"
"WESTH2","ZZZZ","WESTHAUSEN","Westhausen","DE","N501815","E0104049","J","N"
"WESTS1","EDWX","EDWX","Westerstede","DE","N531719","E0075551","J","N"
"WHITE1","EGLM","EGLM","Waltham","UK","N513003","W0004628","J","N"
"WIEFE1","EDWP","EDWP","Conneforde","DE","N531917","E0080424","J","N"
"WIENE1","LOAN","LOAN","Wiener Neustadt Ost","AT","N475036","E0161529","J","N"
"WIENS1","LOWW","LOWW","Wien","AT","N480637","E0163411","J","N"
"WIENW1","LOXN","LOXN","Neustadt West","AT","N475025","E0161317","J","N"
"WILDB1","ZZZZ","WILDBERG B","Wildberg","DE","N473601","E0094431","J","N"
"WILHE1","EDWI","EDWI","Wilhelmshaven","DE","N533008","E0080308","J","N"
"WILKE1","ZZZZ","WILDBERGKE","Wildberg (Kengel)","DE","N483812","E0084349","J","N"
"WINTE1","LSPH","LSPH","Winterthur","CH","N473055","E0084619","J","N"
"WINZE1","EDTW","EDTW","Winzeln","DE","N481645","E0082542","J","N"
"WIPPE1","EDKN","EDKN","Wipperfürth","DE","N510729","E0072220","J","N"
"WISMA1","EDCW","EDCW","Wismar","DE","N535453","E0113005","J","N"
"WITBE1","ZZZZ","WITTS BERL","Wittstock-Berlinchen","DE","N531334","E0123402","J","N"
"WITZE1","ZZZZ","WITZENHAUS","Witzenhausen-Burgberg","DE","N512101","E0094928","J","N"
"WOENS1","EHWO","EHWO","Woensdrecht","NL","N512656","E0042032","J","N"
"WOLFH1","EDGW","EDGW","Wolfhagen","DE","N511826","E0091031","J","N"
"WOLFS1","LOKW","LOKW","Wolfsberg","AT","N464904","E0144932","J","N"
"WORMS1","EDFV","EDFV","Worms","DE","N493623","E0082200","J","N"
"WROCL1","EPWR","EPWR","Wroclaw","PL","N510610","E0165309","J","N"
"WUERZ1","EDFW","EDFW","Würzburg","DE","N494905","E0095350","J","N"
"WUNST1","ETNW","ETNW","Wunstorf","DE","N522726","E0092538","J","N"
"WUSTW1","ZZZZ","WUSTWEILER","Wustweiler","DE","N492438","E0070318","J","N"
"WYKAU1","EDXY","EDXY","Wyk","DE","N544107","E0083155","J","N"
"YVERD1","LSGY","LSGY","Yverdon","CH","N464543","E0063648","J","N"
"ZAMOS1","EPZA","EPZA","Zamosc","PL","N504206","E0231216","J","N"
"ZARAG1","LEZG","LEZG","Zaragoza","ES","N413958","W0010229","J","N"
"ZELHS1","ZZZZ","ZELLHAUSEN","Zellhausen","DE","N500114","E0085901","J","N"
"ZELLA1","LOWZ","LOWZ","Zell","AT","N471729","E0124726","J","N"
"ZELTW1","LOXZ","LOXZ","Zeltweg","AT","N471213","E0144445","J","N"
"ZERBS1","EDUZ","EDUZ","Zerbst","DE","N515951","E0120813","J","N"
"ZIELO1","EPZP","EPZP","Zielona Góra","PL","N515844","E0152750","J","N"
"ZIERE1","ZZZZ","ZIERENBERG","Dörnberg","DE","N512145","E0092023","J","N"
"ZILIN1","LZZI","LZZI","Žilina","SK","N491400","E0183649","J","N"
"ZUERI1","LSZH","LSZH","Zürich","CH","N472729","E0083253","J","N"
"ZUTEN1","EBSL","EBSL","Zutendaal","BE","N505651","E0053526","J","N"
"ZWEIB1","EDRZ","EDRZ","Zweibrücken","DE","N491234","E0072402","J","N"
"ZWEIS1","LSTZ","LSTZ","Zweisimmen","CH","N463309","E0072250","J","N"
"ZWICK1","EDBI","EDBI","Zwickau","DE","N504204","E0122710","J","N"
"ZZZZZ1","ZZZZ","UNBEKANNT","ZZ-Unbekannt","DE","N000000","E0000000","J","N"
